Type;Datum;Order;Depth;Soil material;Cd;Cr;Cu;Ni;Pb;Zn;ID;Time;FecPrev2;EC;pH;FecPrev;Precipitation ;Humidity;AirTemp;Evapotranspiration;Infiltration;Interflow;Soil moisture;Soil temperature;SurfaceRunoff
D;21.11.2012;1;1;Runoff concentration;NA;NA;NA;NA;NA;NA;Runoff concentration_1;0;12.05.2012;NA;NA;NA;NA;NA;NA;NA;NA;NA;NA;NA;
D;21.11.2012;1;2;Runoff concentration;0.2;2.55;25.3;2.6;8.2;38.15;Runoff concentration_2;0;12.05.2012;NA;NA;NA;NA;NA;NA;NA;NA;NA;NA;NA;
D;21.11.2012;1;3;Runoff concentration;0.25;4.05;33.6;4.3;4.66;56.25;Runoff concentration_3;0;12.05.2012;NA;NA;NA;NA;NA;NA;NA;NA;NA;NA;NA;
D;21.11.2012;1;0;Sm1;NA;NA;NA;NA;NA;NA;Sm1_0;0;12.05.2012;NA;NA;NA;NA;NA;NA;NA;NA;NA;NA;NA;
D;21.11.2012;1;0;Sm2;NA;NA;NA;NA;NA;NA;Sm2_0;0;12.05.2012;NA;NA;NA;NA;NA;NA;NA;NA;NA;NA;NA;
D;21.11.2012;1;0;Sm3;NA;NA;NA;NA;NA;NA;Sm3_0;0;12.05.2012;NA;NA;NA;NA;NA;NA;NA;NA;NA;NA;NA;
D;21.11.2012;1;15;Sm1;NA;NA;NA;NA;NA;NA;Sm1_15;0;12.05.2012;NA;NA;NA;NA;NA;NA;NA;NA;NA;NA;NA;
D;21.11.2012;1;15;Sm2;NA;NA;NA;NA;NA;NA;Sm2_15;0;12.05.2012;NA;NA;NA;NA;NA;NA;NA;NA;NA;NA;NA;
D;21.11.2012;1;15;Sm3;NA;NA;NA;NA;NA;NA;Sm3_15;0;12.05.2012;NA;NA;NA;NA;NA;NA;NA;NA;NA;NA;NA;
D;21.11.2012;1;30;Sm1;0.8;1.25;28.1;35.2;4.8;57.4;Sm1_30;0;12.05.2012;NA;NA;NA;NA;NA;NA;NA;NA;NA;NA;NA;
D;21.11.2012;1;30;Sm2;0.35;1.8;14;7;9.3;18.1;Sm2_30;0;12.05.2012;NA;NA;NA;NA;NA;NA;NA;NA;NA;NA;NA;
D;21.11.2012;1;30;Sm3;0.3;1.7;5.6;13.6;5.4;27.15;Sm3_30;0;12.05.2012;NA;NA;NA;NA;NA;NA;NA;NA;NA;NA;NA;
D;11.12.2012;2;1;Runoff concentration;0;3.3;13;2.8;3.9;46.35;Runoff concentration_1;20;08.12.2012;NA;NA;NA;NA;NA;NA;NA;NA;NA;NA;NA;
D;11.12.2012;2;2;Runoff concentration;0;4.1;11.1;3;2;43.2;Runoff concentration_2;20;08.12.2012;NA;NA;NA;NA;NA;NA;NA;NA;NA;NA;NA;
D;11.12.2012;2;3;Runoff concentration;0.05;5.85;15.8;2.3;4.2;63.95;Runoff concentration_3;20;08.12.2012;NA;NA;NA;NA;NA;NA;NA;NA;NA;NA;NA;
D;11.12.2012;2;0;Sm1;NA;NA;NA;NA;NA;NA;Sm1_0;20;08.12.2012;NA;NA;NA;NA;NA;NA;NA;NA;NA;NA;NA;
D;11.12.2012;2;0;Sm2;0.1;3;10;1.7;2.7;27;Sm2_0;20;08.12.2012;NA;NA;NA;NA;NA;NA;NA;NA;NA;NA;NA;
D;11.12.2012;2;0;Sm3;1.75;7.45;123.2;8.1;2.37;78.25;Sm3_0;20;08.12.2012;NA;NA;NA;NA;NA;NA;NA;NA;NA;NA;NA;
D;11.12.2012;2;15;Sm1;0.35;3.8;45.3;4.3;14.9;40.65;Sm1_15;20;08.12.2012;NA;NA;NA;NA;NA;NA;NA;NA;NA;NA;NA;
D;11.12.2012;2;15;Sm2;0.7;3.45;16.5;4.9;8.2;42.5;Sm2_15;20;08.12.2012;NA;NA;NA;NA;NA;NA;NA;NA;NA;NA;NA;
D;11.12.2012;2;15;Sm3;0.15;4.65;12.9;2.7;2.8;25.2;Sm3_15;20;08.12.2012;NA;NA;NA;NA;NA;NA;NA;NA;NA;NA;NA;
D;11.12.2012;2;30;Sm1;0.55;1.65;34.7;15.4;11.2;17.65;Sm1_30;20;08.12.2012;NA;NA;NA;NA;NA;NA;NA;NA;NA;NA;NA;
D;11.12.2012;2;30;Sm2;0.4;2.35;6.3;6.5;9.9;8.1;Sm2_30;20;08.12.2012;NA;NA;NA;NA;NA;NA;NA;NA;NA;NA;NA;
D;11.12.2012;2;30;Sm3;0.35;3.2;2.3;4.9;6.2;3;Sm3_30;20;08.12.2012;NA;NA;NA;NA;NA;NA;NA;NA;NA;NA;NA;
D;23.01.2013;3;1;Runoff concentration;0.15;3.4;11.3;0.8;2.9;33.2;Runoff concentration_1;63;16.01.2013;0.1219;7.61;23.01.2013;0;83.2625;-4.5875;0.25;NA;NA;NA;NA;0
D;23.01.2013;3;2;Runoff concentration;0.2;2.35;9.5;1.4;3.9;32.25;Runoff concentration_2;63;16.01.2013;NA;NA;23.01.2013;0;83.2625;-4.5875;0.25;NA;NA;NA;NA;0
D;23.01.2013;3;3;Runoff concentration;0.05;2.8;10.9;1.4;4.5;38.2;Runoff concentration_3;63;16.01.2013;0.1679;7.51;23.01.2013;0;83.2625;-4.5875;0.25;NA;NA;NA;NA;0
D;23.01.2013;3;0;Sm1;0.1;2.6;9.3;1.3;3.8;29.65;Sm1_0;63;16.01.2013;0.797;7.92;23.01.2013;0;83.2625;-4.5875;0.25;0.3125;0;10.175;2.7875;0
D;23.01.2013;3;0;Sm2;0.2;2.15;7.9;0.9;3.3;29.35;Sm2_0;63;16.01.2013;0.421;8.16;23.01.2013;0;83.2625;-4.5875;0.25;0.125;0;7.225;2.525;0
D;23.01.2013;3;0;Sm3;0.1;3.3;8.5;1;2.1;28.8;Sm3_0;63;16.01.2013;0.442;8.34;23.01.2013;0;83.2625;-4.5875;0.25;0.125;0;7.8125;2.65;0
D;23.01.2013;3;15;Sm1;NA;NA;NA;NA;NA;NA;Sm1_15;63;16.01.2013;0.797;7.92;23.01.2013;0;83.2625;-4.5875;0.25;0.3125;0;10.175;2.7875;0
D;23.01.2013;3;15;Sm2;0.35;6.65;65.6;17.1;9.5;32.25;Sm2_15;63;16.01.2013;0.421;8.16;23.01.2013;0;83.2625;-4.5875;0.25;0.125;0;7.225;2.525;0
D;23.01.2013;3;15;Sm3;0.1;2.65;6.7;2.3;1.7;15.75;Sm3_15;63;16.01.2013;0.442;8.34;23.01.2013;0;83.2625;-4.5875;0.25;0.125;0;7.8125;2.65;0
D;23.01.2013;3;30;Sm1;0.55;12.2;248.2;11.3;50.3;52.8;Sm1_30;63;16.01.2013;0.797;7.92;23.01.2013;0;83.2625;-4.5875;0.25;0.3125;0;10.175;2.7875;0
D;23.01.2013;3;30;Sm2;0.2;1.9;14.8;3.2;1.1;4.25;Sm2_30;63;16.01.2013;0.421;8.16;23.01.2013;0;83.2625;-4.5875;0.25;0.125;0;7.225;2.525;0
D;23.01.2013;3;30;Sm3;0.15;4.3;9.2;3.9;2.7;10.1;Sm3_30;63;16.01.2013;0.442;8.34;23.01.2013;0;83.2625;-4.5875;0.25;0.125;0;7.8125;2.65;0
D;06.02.2013;4;1;Runoff concentration;0.1;3.9;29.5;1.5;2.9;81.8;Runoff concentration_1;77;29.01.2013;0.563;8.13;06.02.2013;2.714285714;86.72142857;0.75;0.335714286;NA;NA;NA;NA;248.1428571
D;06.02.2013;4;2;Runoff concentration;0.6;2;12.4;3.7;1.3;30.25;Runoff concentration_2;77;29.01.2013;13.03;7.55;06.02.2013;2.714285714;86.72142857;0.75;0.335714286;NA;NA;NA;NA;37.42857143
D;06.02.2013;4;3;Runoff concentration;0.15;2.75;32.3;2;5.2;118.6;Runoff concentration_3;77;29.01.2013;0.469;7.9;06.02.2013;2.714285714;86.72142857;0.75;0.335714286;NA;NA;NA;NA;91.42857143
D;06.02.2013;4;0;Sm1;0.15;1.95;22.8;1.9;3.6;78.7;Sm1_0;77;29.01.2013;NA;NA;06.02.2013;2.714285714;86.72142857;0.75;0.335714286;18.46428571;1.392857143;21.85;3.65;56.85714286
D;06.02.2013;4;0;Sm2;0.05;2.05;19.9;2;3;64.25;Sm2_0;77;29.01.2013;0;7.69;06.02.2013;2.714285714;86.72142857;0.75;0.335714286;17.5;0.285714286;18.15;3.85;20.14285714
D;06.02.2013;4;0;Sm3;0.25;4.05;31;1.8;3.8;114.8;Sm3_0;77;29.01.2013;33.2;7.89;06.02.2013;2.714285714;86.72142857;0.75;0.335714286;0.285714286;2.071428571;17;4.128571429;20.42857143
D;06.02.2013;4;15;Sm1;NA;NA;NA;NA;NA;NA;Sm1_15;77;29.01.2013;NA;NA;06.02.2013;2.714285714;86.72142857;0.75;0.335714286;18.46428571;1.392857143;21.85;3.65;56.85714286
D;06.02.2013;4;15;Sm2;NA;NA;NA;NA;NA;NA;Sm2_15;77;29.01.2013;0;7.69;06.02.2013;2.714285714;86.72142857;0.75;0.335714286;17.5;0.285714286;18.15;3.85;20.14285714
D;06.02.2013;4;15;Sm3;0.55;2.2;15;6.1;4.7;34.4;Sm3_15;77;29.01.2013;33.2;7.89;06.02.2013;2.714285714;86.72142857;0.75;0.335714286;0.285714286;2.071428571;17;4.128571429;20.42857143
D;06.02.2013;4;30;Sm1;4.05;0.1;15.2;18.2;5.3;26.9;Sm1_30;77;29.01.2013;NA;NA;06.02.2013;2.714285714;86.72142857;0.75;0.335714286;18.46428571;1.392857143;21.85;3.65;56.85714286
D;06.02.2013;4;30;Sm2;1.35;1.35;11.8;6.3;3.4;8.9;Sm2_30;77;29.01.2013;0;7.69;06.02.2013;2.714285714;86.72142857;0.75;0.335714286;17.5;0.285714286;18.15;3.85;20.14285714
D;06.02.2013;4;30;Sm3;0.35;1.3;7;3.2;3.8;3.85;Sm3_30;77;29.01.2013;33.2;7.89;06.02.2013;2.714285714;86.72142857;0.75;0.335714286;0.285714286;2.071428571;17;4.128571429;20.42857143
D;21.02.2013;5;1;Runoff concentration;0.35;5.3;9.1;3.1;3.3;56.7;Runoff concentration_1;92;21.02.2013;24.5;7.72;21.02.2013;0.746666667;88.57333333;-0.666666667;0.26;NA;NA;NA;NA;8
D;21.02.2013;5;2;Runoff concentration;0.35;4.5;9.8;2.6;2.5;56.05;Runoff concentration_2;92;21.02.2013;22;7.66;21.02.2013;0.746666667;88.57333333;-0.666666667;0.26;NA;NA;NA;NA;8.8
D;21.02.2013;5;3;Runoff concentration;0.35;2.9;14;3.9;3.7;60.6;Runoff concentration_3;92;21.02.2013;37.6;7.92;21.02.2013;0.746666667;88.57333333;-0.666666667;0.26;NA;NA;NA;NA;20.66666667
D;21.02.2013;5;0;Sm1;NA;NA;NA;NA;NA;NA;Sm1_0;92;21.02.2013;NA;NA;21.02.2013;0.746666667;88.57333333;-0.666666667;0.26;8.433333333;0.2;28.3;3.633333333;0.933333333
D;21.02.2013;5;0;Sm2;NA;NA;NA;NA;NA;NA;Sm2_0;92;21.02.2013;18.02;7.77;21.02.2013;0.746666667;88.57333333;-0.666666667;0.26;11.06666667;0.3;19.71333333;3.8;0.8
D;21.02.2013;5;0;Sm3;NA;NA;NA;NA;NA;NA;Sm3_0;92;21.02.2013;19.47;8.04;21.02.2013;0.746666667;88.57333333;-0.666666667;0.26;12.86666667;0.2;18.11333333;4.053333333;1.333333333
D;21.02.2013;5;15;Sm1;NA;NA;NA;NA;NA;NA;Sm1_15;92;21.02.2013;NA;NA;21.02.2013;0.746666667;88.57333333;-0.666666667;0.26;8.433333333;0.2;28.3;3.633333333;0.933333333
D;21.02.2013;5;15;Sm2;0.35;3.5;4.5;3.6;7.6;4.2;Sm2_15;92;21.02.2013;18.02;7.77;21.02.2013;0.746666667;88.57333333;-0.666666667;0.26;11.06666667;0.3;19.71333333;3.8;0.8
D;21.02.2013;5;15;Sm3;NA;NA;NA;NA;NA;NA;Sm3_15;92;21.02.2013;19.47;8.04;21.02.2013;0.746666667;88.57333333;-0.666666667;0.26;12.86666667;0.2;18.11333333;4.053333333;1.333333333
D;21.02.2013;5;30;Sm1;0.9;1.45;15.2;4.1;9.5;9.5;Sm1_30;92;21.02.2013;NA;NA;21.02.2013;0.746666667;88.57333333;-0.666666667;0.26;8.433333333;0.2;28.3;3.633333333;0.933333333
D;21.02.2013;5;30;Sm2;0.5;2.5;5.2;3.9;8.9;1.5;Sm2_30;92;21.02.2013;18.02;7.77;21.02.2013;0.746666667;88.57333333;-0.666666667;0.26;11.06666667;0.3;19.71333333;3.8;0.8
D;21.02.2013;5;30;Sm3;0.4;3.25;2.6;2.9;8.2;5.6;Sm3_30;92;21.02.2013;19.47;8.04;21.02.2013;0.746666667;88.57333333;-0.666666667;0.26;12.86666667;0.2;18.11333333;4.053333333;1.333333333
D;22.03.2013;6;1;Runoff concentration;0.5;0.55;14.8;3.1;6.1;95.3;Runoff concentration_1;121;21.03.2013;20.9;7.51;22.03.2013;0.546666667;78.02666667;-1.4;0.526666667;NA;NA;NA;NA;4.8
D;22.03.2013;6;2;Runoff concentration;0.55;4.25;15.3;2.8;6.2;83.95;Runoff concentration_2;121;21.03.2013;25.3;7.46;22.03.2013;0.546666667;78.02666667;-1.4;0.526666667;NA;NA;NA;NA;7.333333333
D;22.03.2013;6;3;Runoff concentration;0.5;4.7;22.4;4.1;6.5;133.25;Runoff concentration_3;121;21.03.2013;26.6;7.55;22.03.2013;0.546666667;78.02666667;-1.4;0.526666667;NA;NA;NA;NA;27.86666667
D;22.03.2013;6;0;Sm1;NA;NA;NA;NA;NA;NA;Sm1_0;121;21.03.2013;22.4;7;22.03.2013;0.546666667;78.02666667;-1.4;0.526666667;8.3;0.033333333;21.02;3.706666667;0
D;22.03.2013;6;0;Sm2;NA;NA;NA;NA;NA;NA;Sm2_0;121;21.03.2013;21.3;7.85;22.03.2013;0.546666667;78.02666667;-1.4;0.526666667;9.033333333;0;13.42;3.746666667;0
D;22.03.2013;6;0;Sm3;NA;NA;NA;NA;NA;NA;Sm3_0;121;21.03.2013;24.5;8.07;22.03.2013;0.546666667;78.02666667;-1.4;0.526666667;12.4;0;17.36666667;3.906666667;0
D;22.03.2013;6;15;Sm1;0.6;4.65;7.1;3.4;9.5;14.85;Sm1_15;121;21.03.2013;22.4;7;22.03.2013;0.546666667;78.02666667;-1.4;0.526666667;8.3;0.033333333;21.02;3.706666667;0
D;22.03.2013;6;15;Sm2;NA;NA;NA;NA;NA;NA;Sm2_15;121;21.03.2013;21.3;7.85;22.03.2013;0.546666667;78.02666667;-1.4;0.526666667;9.033333333;0;13.42;3.746666667;0
D;22.03.2013;6;15;Sm3;NA;NA;NA;NA;NA;NA;Sm3_15;121;21.03.2013;24.5;8.07;22.03.2013;0.546666667;78.02666667;-1.4;0.526666667;12.4;0;17.36666667;3.906666667;0
D;22.03.2013;6;30;Sm1;0.7;4.05;9.6;2.9;10.6;18.5;Sm1_30;121;21.03.2013;22.4;7;22.03.2013;0.546666667;78.02666667;-1.4;0.526666667;8.3;0.033333333;21.02;3.706666667;0
D;22.03.2013;6;30;Sm2;1.75;2.2;5.5;3.8;9.4;12.55;Sm2_30;121;21.03.2013;21.3;7.85;22.03.2013;0.546666667;78.02666667;-1.4;0.526666667;9.033333333;0;13.42;3.746666667;0
D;22.03.2013;6;30;Sm3;0.5;2.25;0.1;2.6;8;2.9;Sm3_30;121;21.03.2013;24.5;8.07;22.03.2013;0.546666667;78.02666667;-1.4;0.526666667;12.4;0;17.36666667;3.906666667;0
D;17.04.2013;7;1;Runoff concentration;0.1;3.7;36.8;2.9;0;64.15;Runoff concentration_1;147;17.04.2013;1.951;7.46;17.04.2013;0.635714286;73.59285714;7.721428571;1.971428571;NA;NA;NA;NA;30.42857143
D;17.04.2013;7;2;Runoff concentration;0.25;4.2;30.2;2.4;0;45.5;Runoff concentration_2;147;17.04.2013;1.54;7.63;17.04.2013;0.635714286;73.59285714;7.721428571;1.971428571;NA;NA;NA;NA;6.285714286
D;17.04.2013;7;3;Runoff concentration;0.05;5.3;40;3.4;0.7;76;Runoff concentration_3;147;17.04.2013;2.79;7.47;17.04.2013;0.635714286;73.59285714;7.721428571;1.971428571;NA;NA;NA;NA;19.85714286
D;17.04.2013;7;0;Sm1;0.05;3.15;16.3;2;1.4;49.6;Sm1_0;147;17.04.2013;14.52;7.14;17.04.2013;0.635714286;73.59285714;7.721428571;1.971428571;7.571428571;0.107142857;27.15714286;8.642857143;1.571428571
D;17.04.2013;7;0;Sm2;0;2.8;16.5;1.7;0.4;27;Sm2_0;147;17.04.2013;15.51;7.9;17.04.2013;0.635714286;73.59285714;7.721428571;1.971428571;5.142857143;0.035714286;15.86428571;9.207142857;2.571428571
D;17.04.2013;7;0;Sm3;0.15;4.75;13.9;1.8;0;36.45;Sm3_0;147;17.04.2013;6.28;8.54;17.04.2013;0.635714286;73.59285714;7.721428571;1.971428571;12.39285714;0.321428571;16.37857143;9.328571429;3.857142857
D;17.04.2013;7;15;Sm1;0.6;11.9;163.4;12.6;52.8;387.55;Sm1_15;147;17.04.2013;14.52;7.14;17.04.2013;0.635714286;73.59285714;7.721428571;1.971428571;7.571428571;0.107142857;27.15714286;8.642857143;1.571428571
D;17.04.2013;7;15;Sm2;0.45;5.35;27.4;7;4.2;5.4;Sm2_15;147;17.04.2013;15.51;7.9;17.04.2013;0.635714286;73.59285714;7.721428571;1.971428571;5.142857143;0.035714286;15.86428571;9.207142857;2.571428571
D;17.04.2013;7;15;Sm3;0.2;4.15;13.1;4.1;0.6;12.85;Sm3_15;147;17.04.2013;6.28;8.54;17.04.2013;0.635714286;73.59285714;7.721428571;1.971428571;12.39285714;0.321428571;16.37857143;9.328571429;3.857142857
D;17.04.2013;7;30;Sm1;0.7;2.5;41.4;6;12.2;21.9;Sm1_30;147;17.04.2013;14.52;7.14;17.04.2013;0.635714286;73.59285714;7.721428571;1.971428571;7.571428571;0.107142857;27.15714286;8.642857143;1.571428571
D;17.04.2013;7;30;Sm2;0.3;5.5;25.6;8.4;6.4;7.8;Sm2_30;147;17.04.2013;15.51;7.9;17.04.2013;0.635714286;73.59285714;7.721428571;1.971428571;5.142857143;0.035714286;15.86428571;9.207142857;2.571428571
D;17.04.2013;7;30;Sm3;0.15;7.2;12;6.4;1.8;9.6;Sm3_30;147;17.04.2013;6.28;8.54;17.04.2013;0.635714286;73.59285714;7.721428571;1.971428571;12.39285714;0.321428571;16.37857143;9.328571429;3.857142857
D;21.05.2013;8;1;Runoff concentration;0;5.5;22.7;2.2;0;35.4;Runoff concentration_1;181;16.05.2013;0.233;7.08;21.05.2013;0.72;69.46666667;14.65333333;3.4;NA;NA;NA;NA;19.2
D;21.05.2013;8;2;Runoff concentration;0.05;6.15;18.6;2;1.7;30.75;Runoff concentration_2;181;16.05.2013;0.215;7.04;21.05.2013;0.72;69.46666667;14.65333333;3.4;NA;NA;NA;NA;11.46666667
D;21.05.2013;8;3;Runoff concentration;0.05;7.2;29.8;2.7;0.3;48.6;Runoff concentration_3;181;16.05.2013;0.338;7.13;21.05.2013;0.72;69.46666667;14.65333333;3.4;NA;NA;NA;NA;16.4
D;21.05.2013;8;0;Sm1;0.2;2.35;28.7;2.8;2.6;11;Sm1_0;181;16.05.2013;1.046;7.4;21.05.2013;0.72;69.46666667;14.65333333;3.4;0.433333333;0.033333333;24.96;14.88;0.933333333
D;21.05.2013;8;0;Sm2;0;6.95;44.9;2.9;0.3;32.5;Sm2_0;181;16.05.2013;3.72;8.28;21.05.2013;0.72;69.46666667;14.65333333;3.4;1.566666667;0.033333333;17.64666667;15.66666667;0.933333333
D;21.05.2013;8;0;Sm3;0.1;4.8;27.4;3.4;3.5;55.35;Sm3_0;181;16.05.2013;1.233;8.66;21.05.2013;0.72;69.46666667;14.65333333;3.4;4;0.033333333;14.82666667;16.13333333;0.533333333
D;21.05.2013;8;15;Sm1;0.3;12.75;107.1;8.5;13.4;36.6;Sm1_15;181;16.05.2013;1.046;7.4;21.05.2013;0.72;69.46666667;14.65333333;3.4;0.433333333;0.033333333;24.96;14.88;0.933333333
D;21.05.2013;8;15;Sm2;0.2;13.55;83.8;15.4;3.8;55.95;Sm2_15;181;16.05.2013;3.72;8.28;21.05.2013;0.72;69.46666667;14.65333333;3.4;1.566666667;0.033333333;17.64666667;15.66666667;0.933333333
D;21.05.2013;8;15;Sm3;0.15;7.3;41.1;7.3;3.8;72.3;Sm3_15;181;16.05.2013;1.233;8.66;21.05.2013;0.72;69.46666667;14.65333333;3.4;4;0.033333333;14.82666667;16.13333333;0.533333333
D;21.05.2013;8;30;Sm1;0.15;8.6;73.6;5.1;6.6;47.9;Sm1_30;181;16.05.2013;1.046;7.4;21.05.2013;0.72;69.46666667;14.65333333;3.4;0.433333333;0.033333333;24.96;14.88;0.933333333
D;21.05.2013;8;30;Sm2;0.35;17.95;90.7;29.1;4.1;31.65;Sm2_30;181;16.05.2013;3.72;8.28;21.05.2013;0.72;69.46666667;14.65333333;3.4;1.566666667;0.033333333;17.64666667;15.66666667;0.933333333
D;21.05.2013;8;30;Sm3;0;10.25;14.2;11;2.2;14.7;Sm3_30;181;16.05.2013;1.233;8.66;21.05.2013;0.72;69.46666667;14.65333333;3.4;4;0.033333333;14.82666667;16.13333333;0.533333333
D;13.06.2013;9;1;Runoff concentration;0.05;4.75;9.3;1.1;0;32.5;Runoff concentration_1;204;13.06.2013;0.0923;6.97;13.06.2013;3.960869565;76.92608696;14.69130435;2.92173913;NA;NA;NA;NA;125.1304348
D;13.06.2013;9;2;Runoff concentration;0.05;4.65;8.5;0.7;8.5;28.5;Runoff concentration_2;204;13.06.2013;0.0849;7.05;13.06.2013;3.960869565;76.92608696;14.69130435;2.92173913;NA;NA;NA;NA;61.13043478
D;13.06.2013;9;3;Runoff concentration;0;8.3;17.7;0.4;0;51.15;Runoff concentration_3;204;13.06.2013;0.1334;7.01;13.06.2013;3.960869565;76.92608696;14.69130435;2.92173913;NA;NA;NA;NA;118.5217391
D;13.06.2013;9;0;Sm1;0.05;3.7;16.9;1.4;1.6;45.15;Sm1_0;204;13.06.2013;0.617;7.21;13.06.2013;3.960869565;76.92608696;14.69130435;2.92173913;5.630434783;0.369565217;28.03913043;16.02173913;4.260869565
D;13.06.2013;9;0;Sm2;0;5.45;12.9;1.2;0;25.2;Sm2_0;204;13.06.2013;1.293;8.28;13.06.2013;3.960869565;76.92608696;14.69130435;2.92173913;8.913043478;0.326086957;19.66521739;16.88695652;11.13043478
D;13.06.2013;9;0;Sm3;0;9.2;16.9;0;0;37.8;Sm3_0;204;13.06.2013;0.471;8.96;13.06.2013;3.960869565;76.92608696;14.69130435;2.92173913;28.91304348;0.673913043;15.6173913;16.96086957;4.956521739
D;13.06.2013;9;15;Sm1;0.15;4.85;52.9;2.6;6.9;24.55;Sm1_15;204;13.06.2013;0.617;7.21;13.06.2013;3.960869565;76.92608696;14.69130435;2.92173913;5.630434783;0.369565217;28.03913043;16.02173913;4.260869565
D;13.06.2013;9;15;Sm2;0.3;3.1;4.9;2.4;2.5;4.75;Sm2_15;204;13.06.2013;1.293;8.28;13.06.2013;3.960869565;76.92608696;14.69130435;2.92173913;8.913043478;0.326086957;19.66521739;16.88695652;11.13043478
D;13.06.2013;9;15;Sm3;0;7.85;11.6;0;0;16.05;Sm3_15;204;13.06.2013;0.471;8.96;13.06.2013;3.960869565;76.92608696;14.69130435;2.92173913;28.91304348;0.673913043;15.6173913;16.96086957;4.956521739
D;13.06.2013;9;30;Sm1;0.15;10.8;144.5;6.2;15.1;41.65;Sm1_30;204;13.06.2013;0.617;7.21;13.06.2013;3.960869565;76.92608696;14.69130435;2.92173913;5.630434783;0.369565217;28.03913043;16.02173913;4.260869565
D;13.06.2013;9;30;Sm2;0;24.6;80.5;6.8;0;28.7;Sm2_30;204;13.06.2013;1.293;8.28;13.06.2013;3.960869565;76.92608696;14.69130435;2.92173913;8.913043478;0.326086957;19.66521739;16.88695652;11.13043478
D;13.06.2013;9;30;Sm3;0;18.15;9.9;0;0;26.5;Sm3_30;204;13.06.2013;0.471;8.96;13.06.2013;3.960869565;76.92608696;14.69130435;2.92173913;28.91304348;0.673913043;15.6173913;16.96086957;4.956521739
D;14.06.2013;10;1;Runoff concentration;0;1.3;8.8;0.9;2.2;19.5;Runoff concentration_1;205;14.06.2013;0.0686;7.38;13.06.2013;3.960869565;76.92608696;14.69130435;2.92173913;NA;NA;NA;NA;125.1304348
D;14.06.2013;10;2;Runoff concentration;0;2.6;8.4;1.3;0;29.25;Runoff concentration_2;205;14.06.2013;0.0671;7.72;13.06.2013;3.960869565;76.92608696;14.69130435;2.92173913;NA;NA;NA;NA;61.13043478
D;14.06.2013;10;3;Runoff concentration;0.1;1.95;11.8;1.1;1.9;24.3;Runoff concentration_3;205;14.06.2013;0.0733;7.41;13.06.2013;3.960869565;76.92608696;14.69130435;2.92173913;NA;NA;NA;NA;118.5217391
D;14.06.2013;10;0;Sm1;0;1.35;12.2;1;0.7;6.55;Sm1_0;205;14.06.2013;0.22;7;13.06.2013;3.960869565;76.92608696;14.69130435;2.92173913;5.630434783;0.369565217;28.03913043;16.02173913;4.260869565
D;14.06.2013;10;0;Sm2;0.1;1.45;11.8;1.2;3;17.15;Sm2_0;205;14.06.2013;0.971;8.08;13.06.2013;3.960869565;76.92608696;14.69130435;2.92173913;8.913043478;0.326086957;19.66521739;16.88695652;11.13043478
D;14.06.2013;10;0;Sm3;0.15;1.9;16.9;1.3;1.8;40;Sm3_0;205;14.06.2013;0.659;8.91;13.06.2013;3.960869565;76.92608696;14.69130435;2.92173913;28.91304348;0.673913043;15.6173913;16.96086957;4.956521739
D;14.06.2013;10;15;Sm1;0.25;3.5;58.1;3.2;10.8;48.9;Sm1_15;205;14.06.2013;0.22;7;13.06.2013;3.960869565;76.92608696;14.69130435;2.92173913;5.630434783;0.369565217;28.03913043;16.02173913;4.260869565
D;14.06.2013;10;15;Sm2;0.25;3.7;7.9;2.5;6;12.3;Sm2_15;205;14.06.2013;0.971;8.08;13.06.2013;3.960869565;76.92608696;14.69130435;2.92173913;8.913043478;0.326086957;19.66521739;16.88695652;11.13043478
D;14.06.2013;10;15;Sm3;0.2;1.2;11.2;5.5;5.1;25.15;Sm3_15;205;14.06.2013;0.659;8.91;13.06.2013;3.960869565;76.92608696;14.69130435;2.92173913;28.91304348;0.673913043;15.6173913;16.96086957;4.956521739
D;14.06.2013;10;30;Sm1;0.1;3.4;42.7;2.7;4.9;42.4;Sm1_30;205;14.06.2013;0.22;7;13.06.2013;3.960869565;76.92608696;14.69130435;2.92173913;5.630434783;0.369565217;28.03913043;16.02173913;4.260869565
D;14.06.2013;10;30;Sm2;0.15;9.75;45.7;9.5;2;10.7;Sm2_30;205;14.06.2013;0.971;8.08;13.06.2013;3.960869565;76.92608696;14.69130435;2.92173913;8.913043478;0.326086957;19.66521739;16.88695652;11.13043478
D;14.06.2013;10;30;Sm3;0;8.1;18.1;2.8;0;26.95;Sm3_30;205;14.06.2013;0.659;8.91;13.06.2013;3.960869565;76.92608696;14.69130435;2.92173913;28.91304348;0.673913043;15.6173913;16.96086957;4.956521739
D;11.07.2013;11;1;Runoff concentration;0.25;1.75;6;1.6;0;28.95;Runoff concentration_1;232;11.07.2013;0.0697;7.08;11.07.2013;0.98;73.43333333;17.69333333;3.34;NA;NA;NA;NA;50.53333333
D;11.07.2013;11;2;Runoff concentration;0.2;3.2;9.5;2.8;0;26.3;Runoff concentration_2;232;11.07.2013;0.0937;7.15;11.07.2013;0.98;73.43333333;17.69333333;3.34;NA;NA;NA;NA;17.73333333
D;11.07.2013;11;3;Runoff concentration;0.35;5.8;14.1;1.9;0;36.7;Runoff concentration_3;232;11.07.2013;0.135;7.04;11.07.2013;0.98;73.43333333;17.69333333;3.34;NA;NA;NA;NA;26.26666667
D;11.07.2013;11;0;Sm1;0.2;2.2;13.3;2;0;23.8;Sm1_0;232;11.07.2013;0.367;7.41;11.07.2013;0.98;73.43333333;17.69333333;3.34;1.9;0.1;23.66;19.01333333;3.066666667
D;11.07.2013;11;0;Sm2;0.35;3.35;12.4;2;0;20.2;Sm2_0;232;11.07.2013;0.963;8.36;11.07.2013;0.98;73.43333333;17.69333333;3.34;2.466666667;0.1;17.40666667;19.72666667;3.6
D;11.07.2013;11;0;Sm3;0.2;3.1;15;2.3;0.7;31.2;Sm3_0;232;11.07.2013;0.356;8.37;11.07.2013;0.98;73.43333333;17.69333333;3.34;7.4;0.3;14.56666667;20;1.466666667
D;11.07.2013;11;15;Sm1;0.15;4;42.6;2.6;5.2;19;Sm1_15;232;11.07.2013;0.367;7.41;11.07.2013;0.98;73.43333333;17.69333333;3.34;1.9;0.1;23.66;19.01333333;3.066666667
D;11.07.2013;11;15;Sm2;0.35;1.6;10.4;3.9;0;3.75;Sm2_15;232;11.07.2013;0.963;8.36;11.07.2013;0.98;73.43333333;17.69333333;3.34;2.466666667;0.1;17.40666667;19.72666667;3.6
D;11.07.2013;11;15;Sm3;0.25;3.35;12.5;3.7;0.2;15.9;Sm3_15;232;11.07.2013;0.356;8.37;11.07.2013;0.98;73.43333333;17.69333333;3.34;7.4;0.3;14.56666667;20;1.466666667
D;11.07.2013;11;30;Sm1;0.5;8.75;174.7;8.1;22.8;52.1;Sm1_30;232;11.07.2013;0.367;7.41;11.07.2013;0.98;73.43333333;17.69333333;3.34;1.9;0.1;23.66;19.01333333;3.066666667
D;11.07.2013;11;30;Sm2;0.6;6.95;49;12.6;8.2;26;Sm2_30;232;11.07.2013;0.963;8.36;11.07.2013;0.98;73.43333333;17.69333333;3.34;2.466666667;0.1;17.40666667;19.72666667;3.6
D;11.07.2013;11;30;Sm3;0.4;6.15;15.3;10.4;5.9;23.45;Sm3_30;232;11.07.2013;0.356;8.37;11.07.2013;0.98;73.43333333;17.69333333;3.34;7.4;0.3;14.56666667;20;1.466666667
D;06.08.2013;12;1;Runoff concentration;0.05;4.4;12.8;1.9;0;105.5;Runoff concentration_1;258;06.08.2013;0.0907;6.88;06.08.2013;4.7;73.34444444;22.24444444;4.377777778;NA;NA;NA;NA;106.4444444
D;06.08.2013;12;2;Runoff concentration;0.2;4;13;0;1.3;22.3;Runoff concentration_2;258;06.08.2013;0.0967;7.17;06.08.2013;4.7;73.34444444;22.24444444;4.377777778;NA;NA;NA;NA;76.66666667
D;06.08.2013;12;3;Runoff concentration;0.1;4.85;15.3;0;1.2;40.05;Runoff concentration_3;258;06.08.2013;0.1107;7.13;06.08.2013;4.7;73.34444444;22.24444444;4.377777778;NA;NA;NA;NA;77.33333333
D;06.08.2013;12;0;Sm1;0;4.3;16.7;2.3;0;29.2;Sm1_0;258;06.08.2013;0.276;7.17;06.08.2013;4.7;73.34444444;22.24444444;4.377777778;6.944444444;1.833333333;22.11111111;22.07777778;3.777777778
D;06.08.2013;12;0;Sm2;0.05;4.25;12.5;4.5;4.5;22.15;Sm2_0;258;06.08.2013;0.556;7.75;06.08.2013;4.7;73.34444444;22.24444444;4.377777778;10.16666667;0.444444444;17.8;22.32222222;12.66666667
D;06.08.2013;12;0;Sm3;0.1;3.85;21.3;0;1.1;151.35;Sm3_0;258;06.08.2013;0.473;7.6;06.08.2013;4.7;73.34444444;22.24444444;4.377777778;25.61111111;0.722222222;14.95555556;22.67777778;3.111111111
D;06.08.2013;12;15;Sm1;0.1;5.75;58.1;0;3.1;32.15;Sm1_15;258;06.08.2013;0.276;7.17;06.08.2013;4.7;73.34444444;22.24444444;4.377777778;6.944444444;1.833333333;22.11111111;22.07777778;3.777777778
D;06.08.2013;12;15;Sm2;0.35;3.65;15.2;0;4.3;38.25;Sm2_15;258;06.08.2013;0.556;7.75;06.08.2013;4.7;73.34444444;22.24444444;4.377777778;10.16666667;0.444444444;17.8;22.32222222;12.66666667
D;06.08.2013;12;15;Sm3;0.05;5.6;50.3;3.63;0;53.9;Sm3_15;258;06.08.2013;0.473;7.6;06.08.2013;4.7;73.34444444;22.24444444;4.377777778;25.61111111;0.722222222;14.95555556;22.67777778;3.111111111
D;06.08.2013;12;30;Sm1;0.3;7.55;110.8;1.38;12.5;32.85;Sm1_30;258;06.08.2013;0.276;7.17;06.08.2013;4.7;73.34444444;22.24444444;4.377777778;6.944444444;1.833333333;22.11111111;22.07777778;3.777777778
D;06.08.2013;12;30;Sm2;0.2;4.7;20.9;13.88;5.3;18.1;Sm2_30;258;06.08.2013;0.556;7.75;06.08.2013;4.7;73.34444444;22.24444444;4.377777778;10.16666667;0.444444444;17.8;22.32222222;12.66666667
D;06.08.2013;12;30;Sm3;0.2;5.15;8.1;10.13;2.7;12.25;Sm3_30;258;06.08.2013;0.473;7.6;06.08.2013;4.7;73.34444444;22.24444444;4.377777778;25.61111111;0.722222222;14.95555556;22.67777778;3.111111111
D;05.09.2013;13;1;Runoff concentration;0.27;11.58;27.6;4.23;1.2;90.45;Runoff concentration_1;288;05.09.2013;0.1007;6.88;05.09.2013;0.65625;71.7;16.925;3.15625;NA;NA;NA;NA;1.625
D;05.09.2013;13;2;Runoff concentration;0.11;8.04;24.8;3.41;0.81;44.4;Runoff concentration_2;288;05.09.2013;0.15;7.17;05.09.2013;0.65625;71.7;16.925;3.15625;NA;NA;NA;NA;6.5
D;05.09.2013;13;3;Runoff concentration;0.26;10.88;28.2;3.4;0.51;61.6;Runoff concentration_3;288;05.09.2013;0.187;7.13;05.09.2013;0.65625;71.7;16.925;3.15625;NA;NA;NA;NA;19.5
D;05.09.2013;13;0;Sm1;NA;NA;NA;NA;NA;NA;Sm1_0;288;05.09.2013;0.224;7.17;05.09.2013;0.65625;71.7;16.925;3.15625;0.6875;0;17.5375;17.84375;0
D;05.09.2013;13;0;Sm2;NA;NA;NA;NA;NA;NA;Sm2_0;288;05.09.2013;0.465;7.75;05.09.2013;0.65625;71.7;16.925;3.15625;3.3125;0.03125;13.0125;18.1625;0
D;05.09.2013;13;0;Sm3;NA;NA;NA;NA;NA;NA;Sm3_0;288;05.09.2013;0.375;7.88;05.09.2013;0.65625;71.7;16.925;3.15625;3.625;0;11.44375;18.2;0
D;05.09.2013;13;15;Sm1;NA;NA;NA;NA;NA;NA;Sm1_15;288;05.09.2013;0.224;7.17;05.09.2013;0.65625;71.7;16.925;3.15625;0.6875;0;17.5375;17.84375;0
D;05.09.2013;13;15;Sm2;0.38;7.8;8.1;5.16;2.09;22;Sm2_15;288;05.09.2013;0.465;7.75;05.09.2013;0.65625;71.7;16.925;3.15625;3.3125;0.03125;13.0125;18.1625;0
D;05.09.2013;13;15;Sm3;NA;NA;NA;NA;NA;NA;Sm3_15;288;05.09.2013;0.375;7.88;05.09.2013;0.65625;71.7;16.925;3.15625;3.625;0;11.44375;18.2;0
D;05.09.2013;13;30;Sm1;0.27;12.69;88.9;7.08;5.91;61.95;Sm1_30;288;05.09.2013;0.224;7.17;05.09.2013;0.65625;71.7;16.925;3.15625;0.6875;0;17.5375;17.84375;0
D;05.09.2013;13;30;Sm2;0.28;6.33;11.4;8.6;3.52;13.9;Sm2_30;288;05.09.2013;0.465;7.75;05.09.2013;0.65625;71.7;16.925;3.15625;3.3125;0.03125;13.0125;18.1625;0
D;05.09.2013;13;30;Sm3;0.11;6.59;4.4;6.5;2.47;19.7;Sm3_30;288;05.09.2013;0.375;7.88;05.09.2013;0.65625;71.7;16.925;3.15625;3.625;0;11.44375;18.2;0
D;02.10.2013;14;1;Runoff concentration;0;7.28;9.6;2;0;62.65;Runoff concentration_1;315;02.10.2013;0.0937;7.02;02.10.2013;1.153333333;85.21333333;10.44;1.066666667;NA;NA;NA;NA;42.66666667
D;02.10.2013;14;2;Runoff concentration;0.34;3.33;17.8;3.92;0.5;47.2;Runoff concentration_2;315;02.10.2013;0.1368;7.36;02.10.2013;1.153333333;85.21333333;10.44;1.066666667;NA;NA;NA;NA;13.73333333
D;02.10.2013;14;3;Runoff concentration;0.21;4.93;21;2.65;2.29;58.9;Runoff concentration_3;315;02.10.2013;0.1483;7.09;02.10.2013;1.153333333;85.21333333;10.44;1.066666667;NA;NA;NA;NA;41.2
D;02.10.2013;14;0;Sm1;0.13;1.33;15.45;3.99;0.2;17.65;Sm1_0;315;02.10.2013;0.589;8.03;02.10.2013;1.153333333;85.21333333;10.44;1.066666667;5.033333333;0.233333333;26.34;12.93333333;0
D;02.10.2013;14;0;Sm2;0;3.6;18.4;4.16;1.33;25.45;Sm2_0;315;02.10.2013;0.532;8.15;02.10.2013;1.153333333;85.21333333;10.44;1.066666667;7.7;0.233333333;19.46;13.26666667;2
D;02.10.2013;14;0;Sm3;NA;NA;NA;NA;NA;NA;Sm3_0;315;02.10.2013;0.311;8.02;02.10.2013;1.153333333;85.21333333;10.44;1.066666667;10.63333333;0.1;16.32666667;13.38;0
D;02.10.2013;14;15;Sm1;0;4.31;38.7;4.11;3.8;24.95;Sm1_15;315;02.10.2013;0.589;8.03;02.10.2013;1.153333333;85.21333333;10.44;1.066666667;5.033333333;0.233333333;26.34;12.93333333;0
D;02.10.2013;14;15;Sm2;0.33;4.12;10.95;3.87;2.25;19.35;Sm2_15;315;02.10.2013;0.532;8.15;02.10.2013;1.153333333;85.21333333;10.44;1.066666667;7.7;0.233333333;19.46;13.26666667;2
D;02.10.2013;14;15;Sm3;0.2;4.22;18.4;6.61;1.02;55.25;Sm3_15;315;02.10.2013;0.311;8.02;02.10.2013;1.153333333;85.21333333;10.44;1.066666667;10.63333333;0.1;16.32666667;13.38;0
D;02.10.2013;14;30;Sm1;0.77;19.05;393.6;19.77;59.84;90.9;Sm1_30;315;02.10.2013;0.589;8.03;02.10.2013;1.153333333;85.21333333;10.44;1.066666667;5.033333333;0.233333333;26.34;12.93333333;0
D;02.10.2013;14;30;Sm2;0.37;2.74;10.3;3.92;2.27;95.55;Sm2_30;315;02.10.2013;0.532;8.15;02.10.2013;1.153333333;85.21333333;10.44;1.066666667;7.7;0.233333333;19.46;13.26666667;2
D;02.10.2013;14;30;Sm3;0.34;4.12;3.6;4.32;3.75;9.35;Sm3_30;315;02.10.2013;0.311;8.02;02.10.2013;1.153333333;85.21333333;10.44;1.066666667;10.63333333;0.1;16.32666667;13.38;0
D;31.10.2013;15;1;Runoff concentration;0.36;6.25;3.4;NA;0.54;9.1;Runoff concentration_1;344;31.10.2013;0.1947;6.96;31.10.2013;0.826666667;85.14;11.47333333;1.38;NA;NA;NA;NA;63.86666667
D;31.10.2013;15;2;Runoff concentration;0.12;4.59;19.5;NA;1.39;20.45;Runoff concentration_2;344;31.10.2013;0.0948;7.18;31.10.2013;0.826666667;85.14;11.47333333;1.38;NA;NA;NA;NA;21.73333333
D;31.10.2013;15;3;Runoff concentration;0.12;5.14;21.35;NA;0.98;63.25;Runoff concentration_3;344;31.10.2013;0.1334;7.02;31.10.2013;0.826666667;85.14;11.47333333;1.38;NA;NA;NA;NA;37.86666667
D;31.10.2013;15;0;Sm1;0;4.34;12.6;NA;0.11;75.5;Sm1_0;344;31.10.2013;0.311;7.36;31.10.2013;0.826666667;85.14;11.47333333;1.38;5.5;0.366666667;28.28666667;12.62;5.2
D;31.10.2013;15;0;Sm2;0.36;5.38;10.9;NA;0.54;27.15;Sm2_0;344;31.10.2013;0.45;7.85;31.10.2013;0.826666667;85.14;11.47333333;1.38;5.566666667;0.1;19.56;12.86666667;6.133333333
D;31.10.2013;15;0;Sm3;0.1;7.55;14.85;NA;3.13;47.5;Sm3_0;344;31.10.2013;0.245;7.7;31.10.2013;0.826666667;85.14;11.47333333;1.38;8.366666667;0.1;16.68;12.99333333;1.733333333
D;31.10.2013;15;15;Sm1;0.46;9.03;23;NA;13.43;39.9;Sm1_15;344;31.10.2013;0.311;7.36;31.10.2013;0.826666667;85.14;11.47333333;1.38;5.5;0.366666667;28.28666667;12.62;5.2
D;31.10.2013;15;15;Sm2;0.42;2.66;25.4;NA;1.22;10.65;Sm2_15;344;31.10.2013;0.45;7.85;31.10.2013;0.826666667;85.14;11.47333333;1.38;5.566666667;0.1;19.56;12.86666667;6.133333333
D;31.10.2013;15;15;Sm3;0;7.48;13.15;NA;2.18;31.6;Sm3_15;344;31.10.2013;0.245;7.7;31.10.2013;0.826666667;85.14;11.47333333;1.38;8.366666667;0.1;16.68;12.99333333;1.733333333
D;31.10.2013;15;30;Sm1;0.05;6.13;16.4;NA;0.08;57.95;Sm1_30;344;31.10.2013;0.311;7.36;31.10.2013;0.826666667;85.14;11.47333333;1.38;5.5;0.366666667;28.28666667;12.62;5.2
D;31.10.2013;15;30;Sm2;0.56;2.69;7.7;NA;2.31;8.65;Sm2_30;344;31.10.2013;0.45;7.85;31.10.2013;0.826666667;85.14;11.47333333;1.38;5.566666667;0.1;19.56;12.86666667;6.133333333
D;31.10.2013;15;30;Sm3;0.34;3.38;26.36;0;2.34;6;Sm3_30;344;31.10.2013;0.245;7.7;31.10.2013;0.826666667;85.14;11.47333333;1.38;8.366666667;0.1;16.68;12.99333333;1.733333333
D;28.11.2013;16;1;Runoff concentration;0.75;5.32;11.5;3.12;2.41;32.75;Runoff concentration_1;372;28.11.2013;0.0644;7.25;28.11.2013;1.413333333;89.82;3.593333333;0.313333333;NA;NA;NA;NA;178.9333333
D;28.11.2013;16;2;Runoff concentration;0;4.81;10.55;3.73;1.4;80.38;Runoff concentration_2;372;28.11.2013;0.282;7.4;28.11.2013;1.413333333;89.82;3.593333333;0.313333333;NA;NA;NA;NA;36.13333333
D;28.11.2013;16;3;Runoff concentration;0;3.46;6.05;9.17;0;12.95;Runoff concentration_3;372;28.11.2013;0.295;7.4;28.11.2013;1.413333333;89.82;3.593333333;0.313333333;NA;NA;NA;NA;52.66666667
D;28.11.2013;16;0;Sm1;0.17;1.68;7.55;1.39;0.96;51.5;Sm1_0;372;28.11.2013;0.198;7.52;28.11.2013;1.413333333;89.82;3.593333333;0.313333333;16.53333333;2;29.31333333;7.046666667;18.66666667
D;28.11.2013;16;0;Sm2;0;2.02;7.1;8.39;0;30.9;Sm2_0;372;28.11.2013;0.325;7.75;28.11.2013;1.413333333;89.82;3.593333333;0.313333333;8.666666667;0.266666667;19.74;7.42;4
D;28.11.2013;16;0;Sm3;0;2.2;11.05;3.09;1.5;54.05;Sm3_0;372;28.11.2013;0.272;7.81;28.11.2013;1.413333333;89.82;3.593333333;0.313333333;22.03333333;0.366666667;17.22666667;7.52;0.4
D;28.11.2013;16;15;Sm1;0;6.11;39.65;24.97;6.71;22.6;Sm1_15;372;28.11.2013;0.198;7.52;28.11.2013;1.413333333;89.82;3.593333333;0.313333333;16.53333333;2;29.31333333;7.046666667;18.66666667
D;28.11.2013;16;15;Sm2;0;3.89;11.1;50.6;1.59;41.5;Sm2_15;372;28.11.2013;0.325;7.75;28.11.2013;1.413333333;89.82;3.593333333;0.313333333;8.666666667;0.266666667;19.74;7.42;4
D;28.11.2013;16;15;Sm3;0;12.06;11;22.42;0;49.4;Sm3_15;372;28.11.2013;0.272;7.81;28.11.2013;1.413333333;89.82;3.593333333;0.313333333;22.03333333;0.366666667;17.22666667;7.52;0.4
D;28.11.2013;16;30;Sm1;0;7.53;11.9;10.63;0;38.44;Sm1_30;372;28.11.2013;0.198;7.52;28.11.2013;1.413333333;89.82;3.593333333;0.313333333;16.53333333;2;29.31333333;7.046666667;18.66666667
D;28.11.2013;16;30;Sm2;0.4;3.86;8.5;3.96;1.41;21.95;Sm2_30;372;28.11.2013;0.325;7.75;28.11.2013;1.413333333;89.82;3.593333333;0.313333333;8.666666667;0.266666667;19.74;7.42;4
D;28.11.2013;16;30;Sm3;0.54;7.35;17.4;11.59;6.1;4.75;Sm3_30;372;28.11.2013;0.272;7.81;28.11.2013;1.413333333;89.82;3.593333333;0.313333333;22.03333333;0.366666667;17.22666667;7.52;0.4
D;27.12.2013;17;1;Runoff concentration;0.31;3.29;13.55;4.04;2.21;35;Runoff concentration_1;401;27.12.2013;0.665;7.52;27.12.2013;0.75625;88.0875;4.275;0.45625;NA;NA;NA;NA;126.625
D;27.12.2013;17;2;Runoff concentration;0;2.09;12.05;3.27;1.34;25.85;Runoff concentration_2;401;27.12.2013;0.479;7.56;27.12.2013;0.75625;88.0875;4.275;0.45625;NA;NA;NA;NA;32
D;27.12.2013;17;3;Runoff concentration;0;2.74;10.95;6.16;0;19.45;Runoff concentration_3;401;27.12.2013;0.433;7.63;27.12.2013;0.75625;88.0875;4.275;0.45625;NA;NA;NA;NA;33.875
D;27.12.2013;17;0;Sm1;0.21;1.79;12.4;1.3;2.74;19.95;Sm1_0;401;27.12.2013;1.364;7.44;27.12.2013;0.75625;88.0875;4.275;0.45625;11.15625;1.71875;29.43125;6.74375;19.25
D;27.12.2013;17;0;Sm2;0.25;1.59;11.15;2.47;1.78;16;Sm2_0;401;27.12.2013;1.825;7.97;27.12.2013;0.75625;88.0875;4.275;0.45625;6.5625;0.15625;19.6;6.9625;3.25
D;27.12.2013;17;0;Sm3;0;5.21;12.25;2.37;0;19.9;Sm3_0;401;27.12.2013;1.043;8.79;27.12.2013;0.75625;88.0875;4.275;0.45625;16;0.75;17.80625;7.125;2
D;27.12.2013;17;15;Sm1;0;3.36;17.8;1.97;3.34;19.2;Sm1_15;401;27.12.2013;1.364;7.44;27.12.2013;0.75625;88.0875;4.275;0.45625;11.15625;1.71875;29.43125;6.74375;19.25
D;27.12.2013;17;15;Sm2;0;4.07;27.25;4.92;2.29;32.55;Sm2_15;401;27.12.2013;1.825;7.97;27.12.2013;0.75625;88.0875;4.275;0.45625;6.5625;0.15625;19.6;6.9625;3.25
D;27.12.2013;17;15;Sm3;0;5.15;13.7;1.13;0;14.1;Sm3_15;401;27.12.2013;1.043;8.79;27.12.2013;0.75625;88.0875;4.275;0.45625;16;0.75;17.80625;7.125;2
D;27.12.2013;17;30;Sm1;0.43;3.24;33.7;4.15;4.58;20.05;Sm1_30;401;27.12.2013;1.364;7.44;27.12.2013;0.75625;88.0875;4.275;0.45625;11.15625;1.71875;29.43125;6.74375;19.25
D;27.12.2013;17;30;Sm2;0.32;3.64;16.4;10.01;3.13;10.1;Sm2_30;401;27.12.2013;1.825;7.97;27.12.2013;0.75625;88.0875;4.275;0.45625;6.5625;0.15625;19.6;6.9625;3.25
D;27.12.2013;17;30;Sm3;0;13.42;4.65;6.4;0;14.7;Sm3_30;401;27.12.2013;1.043;8.79;27.12.2013;0.75625;88.0875;4.275;0.45625;16;0.75;17.80625;7.125;2
D;23.01.2014;18;1;Runoff concentration;1.07;4.99;67.65;5.33;9.34;318;Runoff concentration_1;428;23.01.2014;2.22;7.05;23.01.2014;0.593333333;88.94666667;1.986666667;0.3;NA;NA;NA;NA;99.86666667
D;23.01.2014;18;2;Runoff concentration;0.25;3.59;12.55;1.64;0.11;49.15;Runoff concentration_2;428;23.01.2014;1.98;7.49;23.01.2014;0.593333333;88.94666667;1.986666667;0.3;NA;NA;NA;NA;29.73333333
D;23.01.2014;18;3;Runoff concentration;0.26;5.38;38.1;3;3.99;123.85;Runoff concentration_3;428;23.01.2014;4.8;7.25;23.01.2014;0.593333333;88.94666667;1.986666667;0.3;NA;NA;NA;NA;28.13333333
D;23.01.2014;18;0;Sm1;0;4.08;12.05;1.09;0;28.2;Sm1_0;428;23.01.2014;5.51;7.29;23.01.2014;0.593333333;88.94666667;1.986666667;0.3;13.2;1.966666667;29.73333333;5.986666667;27.73333333
D;23.01.2014;18;0;Sm2;0;2.88;8.75;1.5;0.28;21.35;Sm2_0;428;23.01.2014;0.451;8.01;23.01.2014;0.593333333;88.94666667;1.986666667;0.3;6;0.1;19.78;6.253333333;2.533333333
D;23.01.2014;18;0;Sm3;0.02;4.36;17.2;1.16;0.94;43.1;Sm3_0;428;23.01.2014;5.88;8.5;23.01.2014;0.593333333;88.94666667;1.986666667;0.3;14.3;0.4;17.82;6.393333333;1.333333333
D;23.01.2014;18;15;Sm1;0.15;2.99;12.95;1.34;1.17;23.05;Sm1_15;428;23.01.2014;5.51;7.29;23.01.2014;0.593333333;88.94666667;1.986666667;0.3;13.2;1.966666667;29.73333333;5.986666667;27.73333333
D;23.01.2014;18;15;Sm2;0.25;2.31;9.05;2.62;0.58;5.3;Sm2_15;428;23.01.2014;0.451;8.01;23.01.2014;0.593333333;88.94666667;1.986666667;0.3;6;0.1;19.78;6.253333333;2.533333333
D;23.01.2014;18;15;Sm3;0.05;4.25;12.05;2.17;0.72;25.2;Sm3_15;428;23.01.2014;5.88;8.5;23.01.2014;0.593333333;88.94666667;1.986666667;0.3;14.3;0.4;17.82;6.393333333;1.333333333
D;23.01.2014;18;30;Sm1;0.47;1.75;20.9;3.32;2.25;59.55;Sm1_30;428;23.01.2014;5.51;7.29;23.01.2014;0.593333333;88.94666667;1.986666667;0.3;13.2;1.966666667;29.73333333;5.986666667;27.73333333
D;23.01.2014;18;30;Sm2;0.08;3.2;10.15;2.15;0.71;10.05;Sm2_30;428;23.01.2014;0.451;8.01;23.01.2014;0.593333333;88.94666667;1.986666667;0.3;6;0.1;19.78;6.253333333;2.533333333
D;23.01.2014;18;30;Sm3;0.27;3.35;2.95;1.5;1.89;2.4;Sm3_30;428;23.01.2014;5.88;8.5;23.01.2014;0.593333333;88.94666667;1.986666667;0.3;14.3;0.4;17.82;6.393333333;1.333333333
D;20.02.2014;19;1;Runoff concentration;0;4.67;67.95;6.09;1.48;62.75;Runoff concentration_1;456;20.02.2014;2.27;7.85;20.02.2014;0.006666667;78.1;4.926666667;1;NA;NA;NA;NA;5.333333333
D;20.02.2014;19;2;Runoff concentration;0.22;2.96;50.9;4.21;0.9;89.35;Runoff concentration_2;456;20.02.2014;4.29;7.77;20.02.2014;0.006666667;78.1;4.926666667;1;NA;NA;NA;NA;2.933333333
D;20.02.2014;19;3;Runoff concentration;0.16;4.18;42.25;3.18;1.31;77.8;Runoff concentration_3;456;20.02.2014;3.64;7.7;20.02.2014;0.006666667;78.1;4.926666667;1;NA;NA;NA;NA;7.6
D;20.02.2014;19;0;Sm1;0.53;2.84;25.2;3.8;1.18;233.9;Sm1_0;456;20.02.2014;21.2;6.86;20.02.2014;0.006666667;78.1;4.926666667;1;3.766666667;0.066666667;27.11333333;5.393333333;0
D;20.02.2014;19;0;Sm2;0.2;0.71;10.1;1.78;1.67;412.1;Sm2_0;456;20.02.2014;2.26;7.74;20.02.2014;0.006666667;78.1;4.926666667;1;3;0;17.43333333;5.826666667;0
D;20.02.2014;19;0;Sm3;0.29;2.3;19.9;1.89;0.78;38.6;Sm3_0;456;20.02.2014;13.98;8;20.02.2014;0.006666667;78.1;4.926666667;1;5.433333333;0;16.7;5.98;0.133333333
D;20.02.2014;19;15;Sm1;0.53;1.31;11.4;1.73;0.95;109.2;Sm1_15;456;20.02.2014;21.2;6.86;20.02.2014;0.006666667;78.1;4.926666667;1;3.766666667;0.066666667;27.11333333;5.393333333;0
D;20.02.2014;19;15;Sm2;NA;NA;NA;NA;NA;NA;Sm2_15;456;20.02.2014;2.26;7.74;20.02.2014;0.006666667;78.1;4.926666667;1;3;0;17.43333333;5.826666667;0
D;20.02.2014;19;15;Sm3;NA;NA;NA;NA;NA;NA;Sm3_15;456;20.02.2014;13.98;8;20.02.2014;0.006666667;78.1;4.926666667;1;5.433333333;0;16.7;5.98;0.133333333
D;20.02.2014;19;30;Sm1;4.06;0.88;12.65;5.49;0.81;96.65;Sm1_30;456;20.02.2014;21.2;6.86;20.02.2014;0.006666667;78.1;4.926666667;1;3.766666667;0.066666667;27.11333333;5.393333333;0
D;20.02.2014;19;30;Sm2;0.81;1.39;7.8;6.1;1.23;25.9;Sm2_30;456;20.02.2014;2.26;7.74;20.02.2014;0.006666667;78.1;4.926666667;1;3;0;17.43333333;5.826666667;0
D;20.02.2014;19;30;Sm3;0.42;3.54;6.55;4.27;0.24;9.2;Sm3_30;456;20.02.2014;13.98;8;20.02.2014;0.006666667;78.1;4.926666667;1;5.433333333;0;16.7;5.98;0.133333333
D;21.03.2014;20;1;Runoff concentration;0.07;3.53;38.2;2.73;0.71;33.8;Runoff concentration_1;485;21.03.2014;0.31;7.69;21.03.2014;0;71.125;7.9375;1.80625;NA;NA;NA;NA;23.875
D;21.03.2014;20;2;Runoff concentration;0.09;3.44;23.3;1.91;0.45;33.5;Runoff concentration_2;485;21.03.2014;0.322;7.69;21.03.2014;0;71.125;7.9375;1.80625;NA;NA;NA;NA;21.375
D;21.03.2014;20;3;Runoff concentration;0.1;3.62;25.9;2.56;0.48;34.2;Runoff concentration_3;485;21.03.2014;0.328;7.72;21.03.2014;0;71.125;7.9375;1.80625;NA;NA;NA;NA;20
D;21.03.2014;20;0;Sm1;0.13;3.76;22.1;1.99;1.12;30.65;Sm1_0;485;21.03.2014;0.542;7.44;21.03.2014;0;71.125;7.9375;1.80625;8.5625;0.28125;28.13125;8.4625;6.5
D;21.03.2014;20;0;Sm2;0.08;3.6;17.9;1.83;0.45;23.15;Sm2_0;485;21.03.2014;7.34;7.92;21.03.2014;0;71.125;7.9375;1.80625;4.9375;0.09375;18.46875;8.7375;4.75
D;21.03.2014;20;0;Sm3;0.04;4.84;15.7;3.37;0;28.05;Sm3_0;485;21.03.2014;1.045;8.66;21.03.2014;0;71.125;7.9375;1.80625;15.21875;0.34375;16.13125;8.91875;2.625
D;21.03.2014;20;15;Sm1;0.66;3.78;40.95;5.77;4.28;24.65;Sm1_15;485;21.03.2014;0.542;7.44;21.03.2014;0;71.125;7.9375;1.80625;8.5625;0.28125;28.13125;8.4625;6.5
D;21.03.2014;20;15;Sm2;0.3;3.41;22.15;3.84;3.12;22.2;Sm2_15;485;21.03.2014;7.34;7.92;21.03.2014;0;71.125;7.9375;1.80625;4.9375;0.09375;18.46875;8.7375;4.75
D;21.03.2014;20;15;Sm3;0.04;2.54;25.05;2.53;0.76;14.15;Sm3_15;485;21.03.2014;1.045;8.66;21.03.2014;0;71.125;7.9375;1.80625;15.21875;0.34375;16.13125;8.91875;2.625
D;21.03.2014;20;30;Sm1;0.07;3.35;38.55;2.19;2.25;28.45;Sm1_30;485;21.03.2014;0.542;7.44;21.03.2014;0;71.125;7.9375;1.80625;8.5625;0.28125;28.13125;8.4625;6.5
D;21.03.2014;20;30;Sm2;0.53;3.61;20.6;7.78;1.83;42.75;Sm2_30;485;21.03.2014;7.34;7.92;21.03.2014;0;71.125;7.9375;1.80625;4.9375;0.09375;18.46875;8.7375;4.75
D;21.03.2014;20;30;Sm3;0;7.22;9.85;16.32;0;6.5;Sm3_30;485;21.03.2014;1.045;8.66;21.03.2014;0;71.125;7.9375;1.80625;15.21875;0.34375;16.13125;8.91875;2.625
D;15.04.2014;21;1;Runoff concentration;0.15;6.92;37.7;2.46;1.82;94.5;Runoff concentration_1;510;15.04.2014;0.1992;7.19;15.04.2014;1.538461538;72.91538462;10.43076923;2.246153846;NA;NA;NA;NA;27.69230769
D;15.04.2014;21;2;Runoff concentration;0.18;5.83;19.55;2.43;0.38;67.85;Runoff concentration_2;510;15.04.2014;0.197;7.23;15.04.2014;1.538461538;72.91538462;10.43076923;2.246153846;NA;NA;NA;NA;23.69230769
D;15.04.2014;21;3;Runoff concentration;0.08;6.28;30.55;3.33;0.52;72.85;Runoff concentration_3;510;15.04.2014;0.257;7.21;15.04.2014;1.538461538;72.91538462;10.43076923;2.246153846;NA;NA;NA;NA;31.23076923
D;15.04.2014;21;0;Sm1;0.13;5.16;24.6;3.4;0.4;64.8;Sm1_0;510;15.04.2014;0.617;7.29;15.04.2014;1.538461538;72.91538462;10.43076923;2.246153846;5.807692308;0.230769231;28.1;12.04615385;5.846153846
D;15.04.2014;21;0;Sm2;0.12;5.35;24.55;2.07;0.26;56.65;Sm2_0;510;15.04.2014;0.438;8.31;15.04.2014;1.538461538;72.91538462;10.43076923;2.246153846;4.846153846;0.076923077;19.15384615;12.40769231;5.692307692
D;15.04.2014;21;0;Sm3;0.11;5.15;21;1.92;0.26;70.15;Sm3_0;510;15.04.2014;0.748;8.46;15.04.2014;1.538461538;72.91538462;10.43076923;2.246153846;12.92307692;0.346153846;16.23846154;12.47692308;3.076923077
D;15.04.2014;21;15;Sm1;0.13;7.21;51;3.65;2.58;50.1;Sm1_15;510;15.04.2014;0.617;7.29;15.04.2014;1.538461538;72.91538462;10.43076923;2.246153846;5.807692308;0.230769231;28.1;12.04615385;5.846153846
D;15.04.2014;21;15;Sm2;0.28;7.16;31.85;9.27;2.17;12.5;Sm2_15;510;15.04.2014;0.438;8.31;15.04.2014;1.538461538;72.91538462;10.43076923;2.246153846;4.846153846;0.076923077;19.15384615;12.40769231;5.692307692
D;15.04.2014;21;15;Sm3;0.13;6.65;24.9;2.53;0.93;30;Sm3_15;510;15.04.2014;0.748;8.46;15.04.2014;1.538461538;72.91538462;10.43076923;2.246153846;12.92307692;0.346153846;16.23846154;12.47692308;3.076923077
D;15.04.2014;21;30;Sm1;0.18;9.42;94.1;11.74;10.76;56;Sm1_30;510;15.04.2014;0.617;7.29;15.04.2014;1.538461538;72.91538462;10.43076923;2.246153846;5.807692308;0.230769231;28.1;12.04615385;5.846153846
D;15.04.2014;21;30;Sm2;0.17;2.91;10.1;2.21;0.01;5.9;Sm2_30;510;15.04.2014;0.438;8.31;15.04.2014;1.538461538;72.91538462;10.43076923;2.246153846;4.846153846;0.076923077;19.15384615;12.40769231;5.692307692
D;15.04.2014;21;30;Sm3;0.29;5.86;7.35;1.74;0.83;6.6;Sm3_30;510;15.04.2014;0.748;8.46;15.04.2014;1.538461538;72.91538462;10.43076923;2.246153846;12.92307692;0.346153846;16.23846154;12.47692308;3.076923077
D;15.05.2014;22;1;Runoff concentration;0.15;4.51;45.35;2.15;2.29;25.45;Runoff concentration_1;540;15.05.2014;0.1113;6.89;15.05.2014;1.688888889;70.72222222;11.76666667;2.733333333;NA;NA;NA;NA;50.22222222
D;15.05.2014;22;2;Runoff concentration;0.19;2.84;12.05;1.15;0.64;28.25;Runoff concentration_2;540;15.05.2014;0.121;7;15.05.2014;1.688888889;70.72222222;11.76666667;2.733333333;NA;NA;NA;NA;32.22222222
D;15.05.2014;22;3;Runoff concentration;0.12;5.58;6.05;2.64;1.26;3.15;Runoff concentration_3;540;15.05.2014;0.1337;6.87;15.05.2014;1.688888889;70.72222222;11.76666667;2.733333333;NA;NA;NA;NA;60
D;15.05.2014;22;0;Sm1;0.06;2.33;17.85;1.18;0.58;31.65;Sm1_0;540;15.05.2014;0.429;7.21;15.05.2014;1.688888889;70.72222222;11.76666667;2.733333333;9.027777778;0.444444444;27.63333333;13.89444444;3.444444444
D;15.05.2014;22;0;Sm2;0;8.14;25.4;10.73;2.06;6.4;Sm2_0;540;15.05.2014;0.784;7.82;15.05.2014;1.688888889;70.72222222;11.76666667;2.733333333;10.08333333;0.222222222;18.72777778;14.35555556;5.666666667
D;15.05.2014;22;0;Sm3;0.12;4.81;19.65;1.87;1.31;51.15;Sm3_0;540;15.05.2014;0.422;8.35;15.05.2014;1.688888889;70.72222222;11.76666667;2.733333333;17.91666667;0.055555556;15.53333333;14.51666667;0.111111111
D;15.05.2014;22;15;Sm1;0.29;2.85;12.25;2.85;1.25;4.45;Sm1_15;540;15.05.2014;0.429;7.21;15.05.2014;1.688888889;70.72222222;11.76666667;2.733333333;9.027777778;0.444444444;27.63333333;13.89444444;3.444444444
D;15.05.2014;22;15;Sm2;0.16;5.08;21.45;2.79;0.48;15.1;Sm2_15;540;15.05.2014;0.784;7.82;15.05.2014;1.688888889;70.72222222;11.76666667;2.733333333;10.08333333;0.222222222;18.72777778;14.35555556;5.666666667
D;15.05.2014;22;15;Sm3;0.26;3.49;18.2;1.54;0.92;42.45;Sm3_15;540;15.05.2014;0.422;8.35;15.05.2014;1.688888889;70.72222222;11.76666667;2.733333333;17.91666667;0.055555556;15.53333333;14.51666667;0.111111111
D;15.05.2014;22;30;Sm1;0.33;12.7;118.05;7.47;18.95;43.3;Sm1_30;540;15.05.2014;0.429;7.21;15.05.2014;1.688888889;70.72222222;11.76666667;2.733333333;9.027777778;0.444444444;27.63333333;13.89444444;3.444444444
D;15.05.2014;22;30;Sm2;0.07;6.34;21.05;1.97;1.3;47;Sm2_30;540;15.05.2014;0.784;7.82;15.05.2014;1.688888889;70.72222222;11.76666667;2.733333333;10.08333333;0.222222222;18.72777778;14.35555556;5.666666667
D;15.05.2014;22;30;Sm3;0.21;4.73;18;1.47;0.75;49.3;Sm3_30;540;15.05.2014;0.422;8.35;15.05.2014;1.688888889;70.72222222;11.76666667;2.733333333;17.91666667;0.055555556;15.53333333;14.51666667;0.111111111
D;13.06.2014;23;1;Runoff concentration;1.83;10.15;33.4;3.31;0;51.4;Runoff concentration_1;569;13.06.2014;0.1582;7.1;13.06.2014;0.45625;66.125;17.625;4.18125;NA;NA;NA;NA;4
D;13.06.2014;23;2;Runoff concentration;1.18;5.84;35.9;3.8;0.56;58.65;Runoff concentration_2;569;13.06.2014;1.743;7.09;13.06.2014;0.45625;66.125;17.625;4.18125;NA;NA;NA;NA;7.75
D;13.06.2014;23;3;Runoff concentration;0.85;6.22;42.4;4.32;1.2;81.05;Runoff concentration_3;569;13.06.2014;0.213;7.18;13.06.2014;0.45625;66.125;17.625;4.18125;NA;NA;NA;NA;13
D;13.06.2014;23;0;Sm1;0.49;15.03;45.7;4.97;0;50.15;Sm1_0;569;13.06.2014;0.25;7.27;13.06.2014;0.45625;66.125;17.625;4.18125;2.40625;0.0625;25.23125;18.175;0.125
D;13.06.2014;23;0;Sm2;0.16;13.31;26.6;5.39;0;47.85;Sm2_0;569;13.06.2014;0.514;7.97;13.06.2014;0.45625;66.125;17.625;4.18125;2.5625;0.03125;16.4875;18.8125;0.375
D;13.06.2014;23;0;Sm3;NA;NA;NA;NA;NA;NA;Sm3_0;569;13.06.2014;0.358;7.95;13.06.2014;0.45625;66.125;17.625;4.18125;3.875;0;13.1875;19.09375;0
D;13.06.2014;23;15;Sm1;0.34;4.99;35.85;1.84;0.97;19.9;Sm1_15;569;13.06.2014;0.25;7.27;13.06.2014;0.45625;66.125;17.625;4.18125;2.40625;0.0625;25.23125;18.175;0.125
D;13.06.2014;23;15;Sm2;2.15;3.72;14.45;6.78;0.14;6;Sm2_15;569;13.06.2014;0.514;7.97;13.06.2014;0.45625;66.125;17.625;4.18125;2.5625;0.03125;16.4875;18.8125;0.375
D;13.06.2014;23;15;Sm3;NA;NA;NA;NA;NA;NA;Sm3_15;569;13.06.2014;0.358;7.95;13.06.2014;0.45625;66.125;17.625;4.18125;3.875;0;13.1875;19.09375;0
D;13.06.2014;23;30;Sm1;0;5.06;73.45;5.7;12.93;16.13;Sm1_30;569;13.06.2014;0.25;7.27;13.06.2014;0.45625;66.125;17.625;4.18125;2.40625;0.0625;25.23125;18.175;0.125
D;13.06.2014;23;30;Sm2;1.41;5.23;16.85;6.6;1.8;7.9;Sm2_30;569;13.06.2014;0.514;7.97;13.06.2014;0.45625;66.125;17.625;4.18125;2.5625;0.03125;16.4875;18.8125;0.375
D;13.06.2014;23;30;Sm3;1.34;7.35;5.75;4.12;1.03;2.9;Sm3_30;569;13.06.2014;0.358;7.95;13.06.2014;0.45625;66.125;17.625;4.18125;3.875;0;13.1875;19.09375;0
D;11.07.2014;24;1;Runoff concentration;0.12;5.9;11.25;0.89;0;28.3;Runoff concentration_1;597;11.07.2014;0.0727;6.99;11.07.2014;4.063636364;70.85454545;20.05454545;4.081818182;NA;NA;NA;NA;117.4545455
D;11.07.2014;24;2;Runoff concentration;0.15;4.84;14.4;1.09;0.8;26.7;Runoff concentration_2;597;11.07.2014;0.0718;6.87;11.07.2014;4.063636364;70.85454545;20.05454545;4.081818182;NA;NA;NA;NA;68.54545455
D;11.07.2014;24;3;Runoff concentration;0.02;5.25;21.35;1.48;0.16;38.3;Runoff concentration_3;597;11.07.2014;0.0928;6.72;11.07.2014;4.063636364;70.85454545;20.05454545;4.081818182;NA;NA;NA;NA;84.54545455
D;11.07.2014;24;0;Sm1;0.03;4.86;15.25;1.12;0.9;30.05;Sm1_0;597;11.07.2014;0.155;6.81;11.07.2014;4.063636364;70.85454545;20.05454545;4.081818182;13.31818182;1.181818182;24.04545455;20.01818182;31.63636364
D;11.07.2014;24;0;Sm2;0.04;5.15;13.35;1.23;0;26.95;Sm2_0;597;11.07.2014;0.347;7.48;11.07.2014;4.063636364;70.85454545;20.05454545;4.081818182;10.27272727;0.272727273;16.09090909;20.60909091;30.36363636
D;11.07.2014;24;0;Sm3;0.02;4.64;12.85;0.66;0.03;17.4;Sm3_0;597;11.07.2014;0.22;7.67;11.07.2014;4.063636364;70.85454545;20.05454545;4.081818182;28.54545455;0.545454545;14.48181818;20.97272727;12
D;11.07.2014;24;15;Sm1;0.08;4.55;25.1;1.66;0.3;18.75;Sm1_15;597;11.07.2014;0.155;6.81;11.07.2014;4.063636364;70.85454545;20.05454545;4.081818182;13.31818182;1.181818182;24.04545455;20.01818182;31.63636364
D;11.07.2014;24;15;Sm2;0.01;3.02;12.6;4.52;0;5.05;Sm2_15;597;11.07.2014;0.347;7.48;11.07.2014;4.063636364;70.85454545;20.05454545;4.081818182;10.27272727;0.272727273;16.09090909;20.60909091;30.36363636
D;11.07.2014;24;15;Sm3;0.18;4.02;25.05;2.02;0;12.6;Sm3_15;597;11.07.2014;0.22;7.67;11.07.2014;4.063636364;70.85454545;20.05454545;4.081818182;28.54545455;0.545454545;14.48181818;20.97272727;12
D;11.07.2014;24;30;Sm1;0.22;12.66;78.4;5.88;15.9;37;Sm1_30;597;11.07.2014;0.155;6.81;11.07.2014;4.063636364;70.85454545;20.05454545;4.081818182;13.31818182;1.181818182;24.04545455;20.01818182;31.63636364
D;11.07.2014;24;30;Sm2;0.18;6.62;18.3;5.54;3.88;10.35;Sm2_30;597;11.07.2014;0.347;7.48;11.07.2014;4.063636364;70.85454545;20.05454545;4.081818182;10.27272727;0.272727273;16.09090909;20.60909091;30.36363636
D;11.07.2014;24;30;Sm3;0.12;3.98;18.05;2.75;0.43;10.7;Sm3_30;597;11.07.2014;0.22;7.67;11.07.2014;4.063636364;70.85454545;20.05454545;4.081818182;28.54545455;0.545454545;14.48181818;20.97272727;12
D;05.08.2014;25;1;Runoff concentration;0.06;2.93;10;1.11;0;28.7;Runoff concentration_1;622;05.08.2014;0.0602;6.68;05.08.2014;4.307692308;79.66923077;21.06153846;3.392307692;NA;NA;NA;NA;102.1538462
D;05.08.2014;25;2;Runoff concentration;0.08;4.88;10.95;1.02;0.33;23.3;Runoff concentration_2;622;05.08.2014;0.0787;6.74;05.08.2014;4.307692308;79.66923077;21.06153846;3.392307692;NA;NA;NA;NA;68.61538462
D;05.08.2014;25;3;Runoff concentration;0.11;6.84;15.95;1.63;0;42.45;Runoff concentration_3;622;05.08.2014;0.098;6.77;05.08.2014;4.307692308;79.66923077;21.06153846;3.392307692;NA;NA;NA;NA;97.53846154
D;05.08.2014;25;0;Sm1;0.04;6.8;10.35;0.71;0;29.25;Sm1_0;622;05.08.2014;0.179;6.61;05.08.2014;4.307692308;79.66923077;21.06153846;3.392307692;13.42307692;0.807692308;26.15384615;21.50769231;23.07692308
D;05.08.2014;25;0;Sm2;0.1;5.22;9.55;1.03;0.7;33.15;Sm2_0;622;05.08.2014;0.356;7.61;05.08.2014;4.307692308;79.66923077;21.06153846;3.392307692;12.69230769;0.269230769;18.46153846;21.91538462;19.38461538
D;05.08.2014;25;0;Sm3;0.19;5.93;5.55;1.28;0.13;31.95;Sm3_0;622;05.08.2014;0.262;7.52;05.08.2014;4.307692308;79.66923077;21.06153846;3.392307692;26.88461538;0.269230769;15.5;22.26923077;11.07692308
D;05.08.2014;25;15;Sm1;0.18;5.73;30.25;1.69;1.96;23.8;Sm1_15;622;05.08.2014;0.179;6.61;05.08.2014;4.307692308;79.66923077;21.06153846;3.392307692;13.42307692;0.807692308;26.15384615;21.50769231;23.07692308
D;05.08.2014;25;15;Sm2;0.17;3.58;13.9;2.23;0.04;6;Sm2_15;622;05.08.2014;0.356;7.61;05.08.2014;4.307692308;79.66923077;21.06153846;3.392307692;12.69230769;0.269230769;18.46153846;21.91538462;19.38461538
D;05.08.2014;25;15;Sm3;0.18;6.43;13.05;1.9;0.08;5.95;Sm3_15;622;05.08.2014;0.262;7.52;05.08.2014;4.307692308;79.66923077;21.06153846;3.392307692;26.88461538;0.269230769;15.5;22.26923077;11.07692308
D;05.08.2014;25;30;Sm1;0.13;15.25;84.05;6.42;19.44;42.95;Sm1_30;622;05.08.2014;0.179;6.61;05.08.2014;4.307692308;79.66923077;21.06153846;3.392307692;13.42307692;0.807692308;26.15384615;21.50769231;23.07692308
D;05.08.2014;25;30;Sm2;0.23;4.2;11.6;3.48;1.75;3.75;Sm2_30;622;05.08.2014;0.356;7.61;05.08.2014;4.307692308;79.66923077;21.06153846;3.392307692;12.69230769;0.269230769;18.46153846;21.91538462;19.38461538
D;05.08.2014;25;30;Sm3;0.18;3.6;4.2;1.81;0.61;1.35;Sm3_30;622;05.08.2014;0.262;7.52;05.08.2014;4.307692308;79.66923077;21.06153846;3.392307692;26.88461538;0.269230769;15.5;22.26923077;11.07692308
D;05.09.2014;26;1;Runoff concentration;0.03;5.04;35.6;1.88;3.99;91.8;Runoff concentration_1;653;05.09.2014;0.0956;7.41;05.09.2014;0.3625;75.2125;15.2375;2.6;NA;NA;NA;NA;0.25
D;05.09.2014;26;2;Runoff concentration;0.05;4.29;19.15;1.55;0.19;31.5;Runoff concentration_2;653;05.09.2014;0.143;7.7;05.09.2014;0.3625;75.2125;15.2375;2.6;NA;NA;NA;NA;4.375
D;05.09.2014;26;3;Runoff concentration;0.07;6.21;25.6;1.93;0.37;54.15;Runoff concentration_3;653;05.09.2014;1.523;7.51;05.09.2014;0.3625;75.2125;15.2375;2.6;NA;NA;NA;NA;13.25
D;05.09.2014;26;0;Sm1;NA;NA;NA;NA;NA;NA;Sm1_0;653;05.09.2014;0.1952;7.7;05.09.2014;0.3625;75.2125;15.2375;2.6;0.90625;0;26.88125;16.40625;0
D;05.09.2014;26;0;Sm2;NA;NA;NA;NA;NA;NA;Sm2_0;653;05.09.2014;0.343;7.98;05.09.2014;0.3625;75.2125;15.2375;2.6;1.625;0;15.875;16.73125;0
D;05.09.2014;26;0;Sm3;NA;NA;NA;NA;NA;NA;Sm3_0;653;05.09.2014;0.242;7.85;05.09.2014;0.3625;75.2125;15.2375;2.6;1.59375;0;14.20625;16.85;0
D;05.09.2014;26;15;Sm1;NA;NA;NA;NA;NA;NA;Sm1_15;653;05.09.2014;0.1952;7.7;05.09.2014;0.3625;75.2125;15.2375;2.6;0.90625;0;26.88125;16.40625;0
D;05.09.2014;26;15;Sm2;NA;NA;NA;NA;NA;NA;Sm2_15;653;05.09.2014;0.343;7.98;05.09.2014;0.3625;75.2125;15.2375;2.6;1.625;0;15.875;16.73125;0
D;05.09.2014;26;15;Sm3;NA;NA;NA;NA;NA;NA;Sm3_15;653;05.09.2014;0.242;7.85;05.09.2014;0.3625;75.2125;15.2375;2.6;1.59375;0;14.20625;16.85;0
D;05.09.2014;26;30;Sm1;0.09;7.01;73.65;4.47;11.63;30.2;Sm1_30;653;05.09.2014;0.1952;7.7;05.09.2014;0.3625;75.2125;15.2375;2.6;0.90625;0;26.88125;16.40625;0
D;05.09.2014;26;30;Sm2;0.1;2.83;3.35;2.07;0;0.45;Sm2_30;653;05.09.2014;0.343;7.98;05.09.2014;0.3625;75.2125;15.2375;2.6;1.625;0;15.875;16.73125;0
D;05.09.2014;26;30;Sm3;0.1;3.03;0.95;1.81;0.29;0.7;Sm3_30;653;05.09.2014;0.242;7.85;05.09.2014;0.3625;75.2125;15.2375;2.6;1.59375;0;14.20625;16.85;0
D;02.10.2014;27;1;Runoff concentration;0.17;5.29;15.5;1.34;1.39;42.55;Runoff concentration_1;680;02.10.2014;0.081;7.04;02.10.2014;0.536363636;84.44545455;13.38181818;1.709090909;NA;NA;NA;NA;13.45454545
D;02.10.2014;27;2;Runoff concentration;0.18;5.81;16.85;1.54;2.27;37.15;Runoff concentration_2;680;02.10.2014;0.1008;7.43;02.10.2014;0.536363636;84.44545455;13.38181818;1.709090909;NA;NA;NA;NA;6.181818182
D;02.10.2014;27;3;Runoff concentration;0.16;7.46;16.95;1.74;1.1;40.95;Runoff concentration_3;680;02.10.2014;0.1038;7.5;02.10.2014;0.536363636;84.44545455;13.38181818;1.709090909;NA;NA;NA;NA;3.818181818
D;02.10.2014;27;0;Sm1;0.15;5.51;19.9;1.16;2.45;47.15;Sm1_0;680;02.10.2014;0.226;7.62;02.10.2014;0.536363636;84.44545455;13.38181818;1.709090909;2.636363636;0.090909091;29.70909091;14.98181818;1.818181818
D;02.10.2014;27;0;Sm2;0.08;4.44;16.3;1.45;1.37;31.95;Sm2_0;680;02.10.2014;0.446;8.23;02.10.2014;0.536363636;84.44545455;13.38181818;1.709090909;3.136363636;0.045454545;19.33636364;15.34545455;1.272727273
D;02.10.2014;27;0;Sm3;NA;NA;NA;NA;NA;NA;Sm3_0;680;02.10.2014;0.486;8.03;02.10.2014;0.536363636;84.44545455;13.38181818;1.709090909;4.363636364;0;16.40909091;15.49090909;0
D;02.10.2014;27;15;Sm1;0.15;4.06;32;1.93;3.6;36.2;Sm1_15;680;02.10.2014;0.226;7.62;02.10.2014;0.536363636;84.44545455;13.38181818;1.709090909;2.636363636;0.090909091;29.70909091;14.98181818;1.818181818
D;02.10.2014;27;15;Sm2;0.26;2.34;12.65;3.17;4.08;11.2;Sm2_15;680;02.10.2014;0.446;8.23;02.10.2014;0.536363636;84.44545455;13.38181818;1.709090909;3.136363636;0.045454545;19.33636364;15.34545455;1.272727273
D;02.10.2014;27;15;Sm3;NA;NA;NA;NA;NA;NA;Sm3_15;680;02.10.2014;0.486;8.03;02.10.2014;0.536363636;84.44545455;13.38181818;1.709090909;4.363636364;0;16.40909091;15.49090909;0
D;02.10.2014;27;30;Sm1;0.3;6.92;122.7;5.89;29.7;43.85;Sm1_30;680;02.10.2014;0.226;7.62;02.10.2014;0.536363636;84.44545455;13.38181818;1.709090909;2.636363636;0.090909091;29.70909091;14.98181818;1.818181818
D;02.10.2014;27;30;Sm2;0.27;1.25;7.25;2.89;4.86;18.6;Sm2_30;680;02.10.2014;0.446;8.23;02.10.2014;0.536363636;84.44545455;13.38181818;1.709090909;3.136363636;0.045454545;19.33636364;15.34545455;1.272727273
D;02.10.2014;27;30;Sm3;0.39;2.41;2.1;2.02;4.01;0.2;Sm3_30;680;02.10.2014;0.486;8.03;02.10.2014;0.536363636;84.44545455;13.38181818;1.709090909;4.363636364;0;16.40909091;15.49090909;0
D;06.11.2014;28;1;Runoff concentration;0;5.32;13.45;1.12;0;46.3;Runoff concentration_1;715;06.11.2014;0.0787;7.02;06.11.2014;1.095454545;90.78636364;10.38636364;0.777272727;NA;NA;NA;NA;61.36363636
D;06.11.2014;28;2;Runoff concentration;0.05;3.13;13.25;1.15;0.02;45.3;Runoff concentration_2;715;06.11.2014;0.0869;7.13;06.11.2014;1.095454545;90.78636364;10.38636364;0.777272727;NA;NA;NA;NA;19.81818182
D;06.11.2014;28;3;Runoff concentration;0.16;2.08;7.3;2.13;1.2;2;Runoff concentration_3;715;06.11.2014;0.106;7.44;06.11.2014;1.095454545;90.78636364;10.38636364;0.777272727;NA;NA;NA;NA;19.18181818
D;06.11.2014;28;0;Sm1;0.17;3.57;10.2;0.73;0.31;23.4;Sm1_0;715;06.11.2014;0.256;7.32;06.11.2014;1.095454545;90.78636364;10.38636364;0.777272727;8.25;0.409090909;31.25909091;12.66818182;3
D;06.11.2014;28;0;Sm2;0.08;2.26;7.8;0.82;0.57;16.9;Sm2_0;715;06.11.2014;0.333;8.13;06.11.2014;1.095454545;90.78636364;10.38636364;0.777272727;3.409090909;0.090909091;19.89545455;12.95909091;4
D;06.11.2014;28;0;Sm3;0;4.83;36.35;1.74;1.52;62;Sm3_0;715;06.11.2014;0.1957;7.81;06.11.2014;1.095454545;90.78636364;10.38636364;0.777272727;16.38636364;0.022727273;16.88181818;13.03181818;0.090909091
D;06.11.2014;28;15;Sm1;0.07;2.65;21.3;1.04;2.9;14.2;Sm1_15;715;06.11.2014;0.256;7.32;06.11.2014;1.095454545;90.78636364;10.38636364;0.777272727;8.25;0.409090909;31.25909091;12.66818182;3
D;06.11.2014;28;15;Sm2;0.13;1.59;11.3;2.04;1.28;7.4;Sm2_15;715;06.11.2014;0.333;8.13;06.11.2014;1.095454545;90.78636364;10.38636364;0.777272727;3.409090909;0.090909091;19.89545455;12.95909091;4
D;06.11.2014;28;15;Sm3;0.13;1.76;17.9;2.14;0.37;10.4;Sm3_15;715;06.11.2014;0.1957;7.81;06.11.2014;1.095454545;90.78636364;10.38636364;0.777272727;16.38636364;0.022727273;16.88181818;13.03181818;0.090909091
D;06.11.2014;28;30;Sm1;0.2;7.04;140.95;5.02;26.91;34.7;Sm1_30;715;06.11.2014;0.256;7.32;06.11.2014;1.095454545;90.78636364;10.38636364;0.777272727;8.25;0.409090909;31.25909091;12.66818182;3
D;06.11.2014;28;30;Sm2;0.04;3.75;15.5;1.09;0.79;29.45;Sm2_30;715;06.11.2014;0.333;8.13;06.11.2014;1.095454545;90.78636364;10.38636364;0.777272727;3.409090909;0.090909091;19.89545455;12.95909091;4
D;06.11.2014;28;30;Sm3;0.11;2.65;2.75;1.47;0.06;1.35;Sm3_30;715;06.11.2014;0.1957;7.81;06.11.2014;1.095454545;90.78636364;10.38636364;0.777272727;16.38636364;0.022727273;16.88181818;13.03181818;0.090909091
D;04.12.2014;29;1;Runoff concentration;0.05;6.55;23.45;1.8;0.99;54.35;Runoff concentration_1;743;04.12.2014;0.1354;7.45;04.12.2014;0.153333333;84.68;2.213333333;0.34;NA;NA;NA;NA;12
D;04.12.2014;29;2;Runoff concentration;0.17;6.14;22.15;1.94;1.17;44.8;Runoff concentration_2;743;04.12.2014;0.126;7.73;04.12.2014;0.153333333;84.68;2.213333333;0.34;NA;NA;NA;NA;2.933333333
D;04.12.2014;29;3;Runoff concentration;0.18;9.53;36.95;2.5;2.38;82.8;Runoff concentration_3;743;04.12.2014;0.1782;7.51;04.12.2014;0.153333333;84.68;2.213333333;0.34;NA;NA;NA;NA;5.466666667
D;04.12.2014;29;0;Sm1;NA;NA;NA;NA;NA;NA;Sm1_0;743;04.12.2014;0.1988;7.81;04.12.2014;0.153333333;84.68;2.213333333;0.34;1.333333333;0.066666667;31.05333333;6.846666667;0.4
D;04.12.2014;29;0;Sm2;NA;NA;NA;NA;NA;NA;Sm2_0;743;04.12.2014;0.274;8.05;04.12.2014;0.153333333;84.68;2.213333333;0.34;0.333333333;0.033333333;19.35333333;7.04;0
D;04.12.2014;29;0;Sm3;NA;NA;NA;NA;NA;NA;Sm3_0;743;04.12.2014;0.253;7.82;04.12.2014;0.153333333;84.68;2.213333333;0.34;2.8;0.033333333;16.61333333;7.186666667;0
D;04.12.2014;29;15;Sm1;0.13;6.57;29.15;1.89;4.95;45.65;Sm1_15;743;04.12.2014;0.1988;7.81;04.12.2014;0.153333333;84.68;2.213333333;0.34;1.333333333;0.066666667;31.05333333;6.846666667;0.4
D;04.12.2014;29;15;Sm2;NA;NA;NA;NA;NA;NA;Sm2_15;743;04.12.2014;0.274;8.05;04.12.2014;0.153333333;84.68;2.213333333;0.34;0.333333333;0.033333333;19.35333333;7.04;0
D;04.12.2014;29;15;Sm3;NA;NA;NA;NA;NA;NA;Sm3_15;743;04.12.2014;0.253;7.82;04.12.2014;0.153333333;84.68;2.213333333;0.34;2.8;0.033333333;16.61333333;7.186666667;0
D;04.12.2014;29;30;Sm1;0.17;8.53;89.4;7.93;20.75;47.1;Sm1_30;743;04.12.2014;0.1988;7.81;04.12.2014;0.153333333;84.68;2.213333333;0.34;1.333333333;0.066666667;31.05333333;6.846666667;0.4
D;04.12.2014;29;30;Sm2;0.23;2.46;6.15;1.95;0.53;3.2;Sm2_30;743;04.12.2014;0.274;8.05;04.12.2014;0.153333333;84.68;2.213333333;0.34;0.333333333;0.033333333;19.35333333;7.04;0
D;04.12.2014;29;30;Sm3;0.22;3.94;2.15;1.68;0.89;3.95;Sm3_30;743;04.12.2014;0.253;7.82;04.12.2014;0.153333333;84.68;2.213333333;0.34;2.8;0.033333333;16.61333333;7.186666667;0
