"","date_time","vwc10cm","vwc20","vwc35","vwc50"
"1","22.06.2010 14:00",0.238,0.302,0.303,0.249
"2","22.06.2010 15:00",0.238,0.302,0.303,0.249
"3","22.06.2010 16:00",0.238,0.302,0.304,0.25
"4","22.06.2010 17:00",0.239,0.303,0.304,0.25
"5","22.06.2010 18:00",0.239,0.303,0.304,0.25
"6","22.06.2010 19:00",0.239,0.304,0.305,0.25
"7","22.06.2010 20:00",0.239,0.304,0.306,0.25
"8","22.06.2010 21:00",0.239,0.305,0.306,0.25
"9","22.06.2010 22:00",0.239,0.305,0.307,0.25
"10","22.06.2010 23:00",0.239,0.306,0.307,0.249
"11","23.06.2010 00:00",0.239,0.306,0.308,0.249
"12","23.06.2010 01:00",0.239,0.306,0.307,0.248
"13","23.06.2010 02:00",0.239,0.307,0.307,0.248
"14","23.06.2010 03:00",0.24,0.306,0.307,0.248
"15","23.06.2010 04:00",0.24,0.307,0.307,0.247
"16","23.06.2010 05:00",0.24,0.307,0.307,0.247
"17","23.06.2010 06:00",0.24,0.307,0.307,0.247
"18","23.06.2010 07:00",0.24,0.308,0.307,0.246
"19","23.06.2010 08:00",0.24,0.308,0.307,0.246
"20","23.06.2010 09:00",0.24,0.308,0.306,0.246
"21","23.06.2010 10:00",0.24,0.308,0.306,0.246
"22","23.06.2010 11:00",0.24,0.308,0.306,0.246
"23","23.06.2010 12:00",0.24,0.308,0.306,0.246
"24","23.06.2010 13:00",0.24,0.309,0.306,0.248
"25","23.06.2010 14:00",0.24,0.311,0.306,0.277
"26","23.06.2010 15:00",0.241,0.312,0.322,0.302
"27","23.06.2010 16:00",0.241,0.324,0.343,0.32
"28","23.06.2010 17:00",0.241,0.332,0.346,0.324
"29","23.06.2010 18:00",0.241,0.335,0.345,0.324
"30","23.06.2010 19:00",0.241,0.335,0.341,0.323
"31","23.06.2010 20:00",0.241,0.336,0.339,0.321
"32","23.06.2010 21:00",0.241,0.335,0.338,0.32
"33","23.06.2010 22:00",0.241,0.335,0.337,0.319
"34","23.06.2010 23:00",0.241,0.335,0.336,0.318
"35","24.06.2010 00:00",0.241,0.334,0.336,0.316
"36","24.06.2010 01:00",0.241,0.335,0.334,0.316
"37","24.06.2010 02:00",0.241,0.334,0.333,0.315
"38","24.06.2010 03:00",0.242,0.334,0.333,0.315
"39","24.06.2010 04:00",0.242,0.334,0.332,0.314
"40","24.06.2010 05:00",0.242,0.334,0.332,0.313
"41","24.06.2010 06:00",0.242,0.334,0.331,0.313
"42","24.06.2010 07:00",0.242,0.333,0.331,0.313
"43","24.06.2010 08:00",0.242,0.334,0.331,0.312
"44","24.06.2010 09:00",0.242,0.333,0.331,0.313
"45","24.06.2010 10:00",0.242,0.333,0.33,0.311
"46","24.06.2010 11:00",0.243,0.332,0.33,0.306
"47","24.06.2010 12:00",0.243,0.332,0.33,0.307
"48","24.06.2010 13:00",0.243,0.333,0.33,0.308
"49","24.06.2010 14:00",0.243,0.332,0.33,0.309
"50","24.06.2010 15:00",0.243,0.332,0.33,0.309
"51","24.06.2010 16:00",0.243,0.332,0.33,0.31
"52","24.06.2010 17:00",0.243,0.331,0.33,0.31
"53","24.06.2010 18:00",0.243,0.332,0.33,0.31
"54","24.06.2010 19:00",0.243,0.332,0.33,0.309
"55","24.06.2010 20:00",0.243,0.332,0.331,0.308
"56","24.06.2010 21:00",0.244,0.332,0.331,0.307
"57","24.06.2010 22:00",0.243,0.332,0.331,0.306
"58","24.06.2010 23:00",0.243,0.332,0.331,0.305
"59","25.06.2010 00:00",0.243,0.332,0.331,0.305
"60","25.06.2010 01:00",0.244,0.332,0.331,0.304
"61","25.06.2010 02:00",0.244,0.332,0.33,0.303
"62","25.06.2010 03:00",0.244,0.331,0.33,0.302
"63","25.06.2010 04:00",0.244,0.331,0.33,0.301
"64","25.06.2010 05:00",0.244,0.332,0.33,0.3
"65","25.06.2010 06:00",0.244,0.332,0.33,0.3
"66","25.06.2010 07:00",0.244,0.332,0.329,0.299
"67","25.06.2010 08:00",0.244,0.331,0.329,0.298
"68","25.06.2010 09:00",0.244,0.332,0.329,0.298
"69","25.06.2010 10:00",0.244,0.331,0.328,0.298
"70","25.06.2010 11:00",0.244,0.331,0.328,0.298
"71","25.06.2010 12:00",0.244,0.331,0.328,0.299
"72","25.06.2010 13:00",0.244,0.331,0.328,0.3
"73","25.06.2010 14:00",0.244,0.331,0.328,0.301
"74","25.06.2010 15:00",0.244,0.33,0.328,0.301
"75","25.06.2010 16:00",0.244,0.331,0.328,0.302
"76","25.06.2010 17:00",0.244,0.33,0.328,0.302
"77","25.06.2010 18:00",0.244,0.331,0.329,0.302
"78","25.06.2010 19:00",0.244,0.331,0.329,0.301
"79","25.06.2010 20:00",0.244,0.331,0.329,0.301
"80","25.06.2010 21:00",0.244,0.33,0.329,0.3
"81","25.06.2010 22:00",0.244,0.33,0.33,0.299
"82","25.06.2010 23:00",0.244,0.33,0.329,0.299
"83","26.06.2010 00:00",0.244,0.33,0.329,0.298
"84","26.06.2010 01:00",0.244,0.331,0.329,0.298
"85","26.06.2010 02:00",0.245,0.331,0.329,0.296
"86","26.06.2010 03:00",0.244,0.331,0.329,0.296
"87","26.06.2010 04:00",0.245,0.33,0.329,0.295
"88","26.06.2010 05:00",0.245,0.331,0.328,0.295
"89","26.06.2010 06:00",0.245,0.331,0.328,0.294
"90","26.06.2010 07:00",0.245,0.331,0.328,0.293
"91","26.06.2010 08:00",0.245,0.33,0.328,0.292
"92","26.06.2010 09:00",0.245,0.33,0.327,0.292
"93","26.06.2010 10:00",0.245,0.33,0.327,0.292
"94","26.06.2010 11:00",0.245,0.33,0.327,0.292
"95","26.06.2010 12:00",0.245,0.33,0.326,0.293
"96","26.06.2010 13:00",0.245,0.33,0.327,0.293
"97","26.06.2010 14:00",0.245,0.33,0.326,0.294
"98","26.06.2010 15:00",0.245,0.33,0.327,0.294
"99","26.06.2010 16:00",0.245,0.33,0.327,0.295
"100","26.06.2010 17:00",0.245,0.33,0.327,0.295
"101","26.06.2010 18:00",0.245,0.329,0.328,0.295
"102","26.06.2010 19:00",0.245,0.33,0.328,0.293
"103","26.06.2010 20:00",0.245,0.33,0.328,0.293
"104","26.06.2010 21:00",0.245,0.329,0.329,0.292
"105","26.06.2010 22:00",0.245,0.329,0.329,0.291
"106","26.06.2010 23:00",0.245,0.33,0.329,0.29
"107","27.06.2010 00:00",0.245,0.33,0.329,0.289
"108","27.06.2010 01:00",0.245,0.33,0.328,0.289
"109","27.06.2010 02:00",0.245,0.33,0.328,0.288
"110","27.06.2010 03:00",0.245,0.33,0.328,0.287
"111","27.06.2010 04:00",0.245,0.33,0.328,0.286
"112","27.06.2010 05:00",0.245,0.329,0.327,0.284
"113","27.06.2010 06:00",0.245,0.33,0.326,0.284
"114","27.06.2010 07:00",0.245,0.329,0.326,0.284
"115","27.06.2010 08:00",0.252,0.332,0.329,0.29
"116","27.06.2010 09:00",0.365,0.372,0.361,0.373
"117","27.06.2010 10:00",0.36,0.371,0.349,0.373
"118","27.06.2010 11:00",0.354,0.369,0.35,0.373
"119","27.06.2010 12:00",0.352,0.366,0.353,0.373
"120","27.06.2010 13:00",0.331,0.364,0.353,0.373
"121","27.06.2010 14:00",0.302,0.364,0.352,0.373
"122","27.06.2010 15:00",0.298,0.363,0.351,0.372
"123","27.06.2010 16:00",0.297,0.362,0.35,0.369
"124","27.06.2010 17:00",0.295,0.362,0.35,0.368
"125","27.06.2010 18:00",0.293,0.362,0.35,0.366
"126","27.06.2010 19:00",0.292,0.362,0.346,0.366
"127","27.06.2010 20:00",0.291,0.361,0.345,0.364
"128","27.06.2010 21:00",0.29,0.361,0.345,0.354
"129","27.06.2010 22:00",0.289,0.361,0.344,0.337
"130","27.06.2010 23:00",0.288,0.36,0.344,0.331
"131","28.06.2010 00:00",0.287,0.36,0.343,0.33
"132","28.06.2010 01:00",0.286,0.36,0.343,0.328
"133","28.06.2010 02:00",0.286,0.36,0.343,0.328
"134","28.06.2010 03:00",0.285,0.36,0.342,0.327
"135","28.06.2010 04:00",0.284,0.36,0.342,0.325
"136","28.06.2010 05:00",0.284,0.36,0.342,0.325
"137","28.06.2010 06:00",0.283,0.36,0.341,0.323
"138","28.06.2010 07:00",0.282,0.359,0.341,0.322
"139","28.06.2010 08:00",0.281,0.359,0.341,0.321
"140","28.06.2010 09:00",0.282,0.359,0.341,0.319
"141","28.06.2010 10:00",0.281,0.358,0.34,0.319
"142","28.06.2010 11:00",0.28,0.357,0.339,0.318
"143","28.06.2010 12:00",0.28,0.357,0.339,0.318
"144","28.06.2010 13:00",0.28,0.357,0.339,0.318
"145","28.06.2010 14:00",0.279,0.357,0.339,0.318
"146","28.06.2010 15:00",0.28,0.357,0.339,0.319
"147","28.06.2010 16:00",0.279,0.357,0.339,0.318
"148","28.06.2010 17:00",0.279,0.356,0.34,0.317
"149","28.06.2010 18:00",0.278,0.356,0.34,0.316
"150","28.06.2010 19:00",0.278,0.356,0.34,0.315
"151","28.06.2010 20:00",0.278,0.356,0.34,0.313
"152","28.06.2010 21:00",0.277,0.356,0.34,0.312
"153","28.06.2010 22:00",0.277,0.356,0.34,0.311
"154","28.06.2010 23:00",0.277,0.356,0.34,0.31
"155","29.06.2010 00:00",0.276,0.356,0.34,0.31
"156","29.06.2010 01:00",0.276,0.356,0.34,0.309
"157","29.06.2010 02:00",0.276,0.356,0.34,0.308
"158","29.06.2010 03:00",0.276,0.356,0.339,0.308
"159","29.06.2010 04:00",0.275,0.356,0.339,0.307
"160","29.06.2010 05:00",0.275,0.356,0.339,0.306
"161","29.06.2010 06:00",0.275,0.356,0.339,0.306
"162","29.06.2010 07:00",0.275,0.356,0.338,0.305
"163","29.06.2010 08:00",0.275,0.356,0.338,0.304
"164","29.06.2010 09:00",0.275,0.356,0.338,0.304
"165","29.06.2010 10:00",0.274,0.355,0.338,0.303
"166","29.06.2010 11:00",0.274,0.355,0.337,0.303
"167","29.06.2010 12:00",0.274,0.352,0.337,0.303
"168","29.06.2010 13:00",0.273,0.348,0.337,0.304
"169","29.06.2010 14:00",0.273,0.348,0.337,0.304
"170","29.06.2010 15:00",0.272,0.348,0.337,0.305
"171","29.06.2010 16:00",0.271,0.348,0.337,0.304
"172","29.06.2010 17:00",0.271,0.348,0.337,0.305
"173","29.06.2010 18:00",0.271,0.348,0.337,0.303
"174","29.06.2010 19:00",0.27,0.348,0.337,0.302
"175","29.06.2010 20:00",0.27,0.348,0.337,0.301
"176","29.06.2010 21:00",0.27,0.348,0.338,0.3
"177","29.06.2010 22:00",0.27,0.349,0.338,0.299
"178","29.06.2010 23:00",0.269,0.35,0.338,0.298
"179","30.06.2010 00:00",0.27,0.35,0.338,0.297
"180","30.06.2010 01:00",0.269,0.35,0.337,0.296
"181","30.06.2010 02:00",0.269,0.35,0.338,0.295
"182","30.06.2010 03:00",0.269,0.35,0.337,0.294
"183","30.06.2010 04:00",0.269,0.35,0.337,0.294
"184","30.06.2010 05:00",0.269,0.35,0.337,0.293
"185","30.06.2010 06:00",0.269,0.35,0.337,0.293
"186","30.06.2010 07:00",0.269,0.351,0.336,0.293
"187","30.06.2010 08:00",0.269,0.351,0.336,0.292
"188","30.06.2010 09:00",0.269,0.35,0.336,0.292
"189","30.06.2010 10:00",0.269,0.35,0.336,0.291
"190","30.06.2010 11:00",0.269,0.35,0.335,0.291
"191","30.06.2010 12:00",0.268,0.35,0.335,0.29
"192","30.06.2010 13:00",0.269,0.35,0.335,0.291
"193","30.06.2010 14:00",0.268,0.35,0.335,0.291
"194","30.06.2010 15:00",0.268,0.35,0.335,0.291
"195","30.06.2010 16:00",0.268,0.35,0.335,0.29
"196","30.06.2010 17:00",0.268,0.349,0.335,0.29
"197","30.06.2010 18:00",0.268,0.349,0.335,0.289
"198","30.06.2010 19:00",0.267,0.349,0.335,0.287
"199","30.06.2010 20:00",0.267,0.349,0.335,0.285
"200","30.06.2010 21:00",0.267,0.349,0.335,0.283
"201","30.06.2010 22:00",0.267,0.349,0.335,0.281
"202","30.06.2010 23:00",0.266,0.349,0.335,0.28
"203","01.07.2010 00:00",0.266,0.349,0.335,0.279
"204","01.07.2010 01:00",0.267,0.349,0.334,0.277
"205","01.07.2010 02:00",0.266,0.349,0.334,0.277
"206","01.07.2010 03:00",0.266,0.349,0.334,0.275
"207","01.07.2010 04:00",0.266,0.349,0.334,0.275
"208","01.07.2010 05:00",0.266,0.349,0.334,0.274
"209","01.07.2010 06:00",0.266,0.348,0.334,0.273
"210","01.07.2010 07:00",0.266,0.349,0.334,0.271
"211","01.07.2010 08:00",0.266,0.349,0.333,0.272
"212","01.07.2010 09:00",0.266,0.348,0.333,0.271
"213","01.07.2010 10:00",0.266,0.348,0.333,0.27
"214","01.07.2010 11:00",0.265,0.348,0.333,0.27
"215","01.07.2010 12:00",0.266,0.348,0.332,0.27
"216","01.07.2010 13:00",0.265,0.348,0.332,0.27
"217","01.07.2010 14:00",0.277,0.35,0.336,0.281
"218","01.07.2010 15:00",0.368,0.37,0.366,0.371
"219","01.07.2010 16:00",0.362,0.375,0.351,0.372
"220","01.07.2010 17:00",0.331,0.368,0.351,0.368
"221","01.07.2010 18:00",0.316,0.365,0.351,0.365
"222","01.07.2010 19:00",0.31,0.363,0.35,0.364
"223","01.07.2010 20:00",0.304,0.363,0.349,0.363
"224","01.07.2010 21:00",0.302,0.362,0.348,0.362
"225","01.07.2010 22:00",0.3,0.362,0.347,0.361
"226","01.07.2010 23:00",0.298,0.361,0.347,0.357
"227","02.07.2010 00:00",0.297,0.361,0.346,0.343
"228","02.07.2010 01:00",0.295,0.36,0.346,0.339
"229","02.07.2010 02:00",0.292,0.36,0.345,0.336
"230","02.07.2010 03:00",0.29,0.358,0.345,0.334
"231","02.07.2010 04:00",0.289,0.357,0.344,0.331
"232","02.07.2010 05:00",0.289,0.357,0.344,0.33
"233","02.07.2010 06:00",0.289,0.357,0.344,0.328
"234","02.07.2010 07:00",0.288,0.356,0.344,0.327
"235","02.07.2010 08:00",0.287,0.355,0.344,0.326
"236","02.07.2010 09:00",0.287,0.354,0.343,0.325
"237","02.07.2010 10:00",0.287,0.355,0.343,0.324
"238","02.07.2010 11:00",0.285,0.354,0.343,0.323
"239","02.07.2010 12:00",0.285,0.354,0.343,0.324
"240","02.07.2010 13:00",0.283,0.35,0.343,0.323
"241","02.07.2010 14:00",0.283,0.351,0.342,0.322
"242","02.07.2010 15:00",0.283,0.35,0.342,0.322
"243","02.07.2010 16:00",0.282,0.351,0.342,0.321
"244","02.07.2010 17:00",0.282,0.35,0.343,0.319
"245","02.07.2010 18:00",0.282,0.35,0.342,0.319
"246","02.07.2010 19:00",0.281,0.349,0.343,0.318
"247","02.07.2010 20:00",0.281,0.349,0.343,0.316
"248","02.07.2010 21:00",0.28,0.349,0.342,0.315
"249","02.07.2010 22:00",0.28,0.349,0.343,0.314
"250","02.07.2010 23:00",0.28,0.349,0.343,0.313
"251","03.07.2010 00:00",0.279,0.349,0.343,0.312
"252","03.07.2010 01:00",0.279,0.349,0.343,0.311
"253","03.07.2010 02:00",0.279,0.348,0.342,0.31
"254","03.07.2010 03:00",0.279,0.348,0.342,0.31
"255","03.07.2010 04:00",0.279,0.348,0.342,0.31
"256","03.07.2010 05:00",0.279,0.348,0.342,0.309
"257","03.07.2010 06:00",0.279,0.348,0.342,0.308
"258","03.07.2010 07:00",0.279,0.348,0.342,0.307
"259","03.07.2010 08:00",0.278,0.348,0.342,0.306
"260","03.07.2010 09:00",0.278,0.347,0.341,0.306
"261","03.07.2010 10:00",0.278,0.347,0.341,0.306
"262","03.07.2010 11:00",0.278,0.347,0.341,0.306
"263","03.07.2010 12:00",0.277,0.346,0.34,0.306
"264","03.07.2010 13:00",0.277,0.347,0.341,0.306
"265","03.07.2010 14:00",0.277,0.346,0.34,0.306
"266","03.07.2010 15:00",0.277,0.346,0.34,0.306
"267","03.07.2010 16:00",0.277,0.346,0.341,0.305
"268","03.07.2010 17:00",0.277,0.346,0.341,0.305
"269","03.07.2010 18:00",0.276,0.346,0.341,0.304
"270","03.07.2010 19:00",0.276,0.346,0.341,0.303
"271","03.07.2010 20:00",0.275,0.346,0.341,0.302
"272","03.07.2010 21:00",0.274,0.346,0.341,0.301
"273","03.07.2010 22:00",0.274,0.346,0.341,0.3
"274","03.07.2010 23:00",0.273,0.345,0.341,0.299
"275","04.07.2010 00:00",0.274,0.346,0.341,0.299
"276","04.07.2010 01:00",0.274,0.345,0.341,0.298
"277","04.07.2010 02:00",0.273,0.346,0.34,0.297
"278","04.07.2010 03:00",0.274,0.345,0.34,0.296
"279","04.07.2010 04:00",0.273,0.346,0.34,0.296
"280","04.07.2010 05:00",0.273,0.345,0.34,0.295
"281","04.07.2010 06:00",0.273,0.346,0.34,0.295
"282","04.07.2010 07:00",0.273,0.345,0.34,0.295
"283","04.07.2010 08:00",0.273,0.345,0.34,0.294
"284","04.07.2010 09:00",0.273,0.345,0.34,0.293
"285","04.07.2010 10:00",0.273,0.345,0.34,0.293
"286","04.07.2010 11:00",0.273,0.345,0.339,0.293
"287","04.07.2010 12:00",0.273,0.344,0.339,0.292
"288","04.07.2010 13:00",0.273,0.344,0.339,0.292
"289","04.07.2010 14:00",0.272,0.344,0.339,0.292
"290","04.07.2010 15:00",0.272,0.344,0.339,0.292
"291","04.07.2010 16:00",0.272,0.344,0.339,0.291
"292","04.07.2010 17:00",0.272,0.344,0.339,0.289
"293","04.07.2010 18:00",0.272,0.344,0.339,0.288
"294","04.07.2010 19:00",0.271,0.344,0.339,0.286
"295","04.07.2010 20:00",0.271,0.344,0.34,0.284
"296","04.07.2010 21:00",0.271,0.344,0.339,0.284
"297","04.07.2010 22:00",0.271,0.343,0.339,0.283
"298","04.07.2010 23:00",0.271,0.344,0.339,0.282
"299","05.07.2010 00:00",0.271,0.344,0.339,0.28
"300","05.07.2010 01:00",0.271,0.344,0.339,0.28
"301","05.07.2010 02:00",0.27,0.344,0.339,0.279
"302","05.07.2010 03:00",0.271,0.343,0.339,0.278
"303","05.07.2010 04:00",0.27,0.344,0.338,0.278
"304","05.07.2010 05:00",0.27,0.343,0.338,0.277
"305","05.07.2010 06:00",0.27,0.343,0.337,0.276
"306","05.07.2010 07:00",0.27,0.343,0.337,0.275
"307","05.07.2010 08:00",0.27,0.343,0.336,0.275
"308","05.07.2010 09:00",0.27,0.343,0.336,0.275
"309","05.07.2010 10:00",0.27,0.342,0.336,0.275
"310","05.07.2010 11:00",0.27,0.342,0.336,0.273
"311","05.07.2010 12:00",0.27,0.342,0.336,0.273
"312","05.07.2010 13:00",0.27,0.342,0.336,0.273
"313","05.07.2010 14:00",0.27,0.342,0.335,0.272
"314","05.07.2010 15:00",0.269,0.342,0.335,0.271
"315","05.07.2010 16:00",0.269,0.341,0.335,0.27
"316","05.07.2010 17:00",0.269,0.341,0.336,0.268
"317","05.07.2010 18:00",0.269,0.341,0.335,0.267
"318","05.07.2010 19:00",0.269,0.341,0.335,0.265
"319","05.07.2010 20:00",0.268,0.341,0.335,0.265
"320","05.07.2010 21:00",0.268,0.341,0.335,0.263
"321","05.07.2010 22:00",0.268,0.341,0.335,0.262
"322","05.07.2010 23:00",0.268,0.341,0.335,0.261
"323","06.07.2010 00:00",0.268,0.341,0.335,0.261
"324","06.07.2010 01:00",0.267,0.341,0.334,0.261
"325","06.07.2010 02:00",0.268,0.341,0.335,0.261
"326","06.07.2010 03:00",0.267,0.341,0.335,0.261
"327","06.07.2010 04:00",0.268,0.341,0.334,0.26
"328","06.07.2010 05:00",0.267,0.341,0.334,0.26
"329","06.07.2010 06:00",0.267,0.341,0.334,0.26
"330","06.07.2010 07:00",0.267,0.341,0.333,0.259
"331","06.07.2010 08:00",0.268,0.341,0.333,0.259
"332","06.07.2010 09:00",0.267,0.34,0.333,0.259
"333","06.07.2010 10:00",0.267,0.341,0.332,0.258
"334","06.07.2010 11:00",0.269,0.344,0.331,0.257
"335","06.07.2010 12:00",0.269,0.344,0.331,0.256
"336","06.07.2010 13:00",0.268,0.343,0.331,0.257
"337","06.07.2010 14:00",0.269,0.343,0.331,0.256
"338","06.07.2010 15:00",0.269,0.343,0.331,0.255
"339","06.07.2010 16:00",0.269,0.343,0.331,0.255
"340","06.07.2010 17:00",0.275,0.344,0.332,0.259
"341","06.07.2010 18:00",0.368,0.374,0.351,0.361
"342","06.07.2010 19:00",0.365,0.377,0.347,0.362
"343","06.07.2010 20:00",0.351,0.375,0.348,0.358
"344","06.07.2010 21:00",0.338,0.371,0.348,0.357
"345","06.07.2010 22:00",0.315,0.368,0.347,0.355
"346","06.07.2010 23:00",0.307,0.368,0.347,0.353
"347","07.07.2010 00:00",0.303,0.367,0.346,0.352
"348","07.07.2010 01:00",0.3,0.367,0.345,0.351
"349","07.07.2010 02:00",0.296,0.366,0.345,0.35
"350","07.07.2010 03:00",0.295,0.366,0.344,0.344
"351","07.07.2010 04:00",0.293,0.366,0.343,0.34
"352","07.07.2010 05:00",0.292,0.365,0.343,0.338
"353","07.07.2010 06:00",0.291,0.365,0.343,0.337
"354","07.07.2010 07:00",0.29,0.365,0.343,0.335
"355","07.07.2010 08:00",0.289,0.36,0.342,0.334
"356","07.07.2010 09:00",0.288,0.356,0.342,0.334
"357","07.07.2010 10:00",0.287,0.355,0.341,0.332
"358","07.07.2010 11:00",0.287,0.355,0.341,0.331
"359","07.07.2010 12:00",0.286,0.355,0.34,0.33
"360","07.07.2010 13:00",0.286,0.356,0.34,0.33
"361","07.07.2010 14:00",0.285,0.356,0.34,0.328
"362","07.07.2010 15:00",0.284,0.357,0.34,0.327
"363","07.07.2010 16:00",0.284,0.357,0.34,0.325
"364","07.07.2010 17:00",0.284,0.356,0.339,0.324
"365","07.07.2010 18:00",0.283,0.356,0.339,0.322
"366","07.07.2010 19:00",0.283,0.356,0.34,0.32
"367","07.07.2010 20:00",0.282,0.357,0.34,0.32
"368","07.07.2010 21:00",0.282,0.356,0.339,0.318
"369","07.07.2010 22:00",0.281,0.356,0.34,0.317
"370","07.07.2010 23:00",0.279,0.356,0.339,0.316
"371","08.07.2010 00:00",0.279,0.356,0.34,0.315
"372","08.07.2010 01:00",0.279,0.356,0.339,0.314
"373","08.07.2010 02:00",0.279,0.356,0.339,0.313
"374","08.07.2010 03:00",0.279,0.356,0.339,0.313
"375","08.07.2010 04:00",0.278,0.355,0.339,0.313
"376","08.07.2010 05:00",0.278,0.356,0.338,0.312
"377","08.07.2010 06:00",0.278,0.356,0.338,0.311
"378","08.07.2010 07:00",0.277,0.356,0.338,0.31
"379","08.07.2010 08:00",0.277,0.356,0.338,0.31
"380","08.07.2010 09:00",0.277,0.356,0.338,0.31
"381","08.07.2010 10:00",0.277,0.356,0.337,0.309
"382","08.07.2010 11:00",0.277,0.355,0.337,0.308
"383","08.07.2010 12:00",0.276,0.355,0.336,0.307
"384","08.07.2010 13:00",0.276,0.355,0.337,0.307
"385","08.07.2010 14:00",0.276,0.355,0.336,0.306
"386","08.07.2010 15:00",0.276,0.354,0.336,0.304
"387","08.07.2010 16:00",0.275,0.355,0.336,0.303
"388","08.07.2010 17:00",0.275,0.354,0.336,0.301
"389","08.07.2010 18:00",0.275,0.355,0.336,0.299
"390","08.07.2010 19:00",0.275,0.354,0.336,0.298
"391","08.07.2010 20:00",0.275,0.355,0.336,0.296
"392","08.07.2010 21:00",0.275,0.354,0.336,0.295
"393","08.07.2010 22:00",0.274,0.354,0.336,0.293
"394","08.07.2010 23:00",0.274,0.354,0.336,0.292
"395","09.07.2010 00:00",0.274,0.354,0.336,0.292
"396","09.07.2010 01:00",0.274,0.354,0.335,0.291
"397","09.07.2010 02:00",0.274,0.354,0.335,0.29
"398","09.07.2010 03:00",0.273,0.353,0.335,0.29
"399","09.07.2010 04:00",0.273,0.353,0.335,0.29
"400","09.07.2010 05:00",0.274,0.353,0.335,0.289
"401","09.07.2010 06:00",0.273,0.353,0.334,0.288
"402","09.07.2010 07:00",0.273,0.353,0.334,0.287
"403","09.07.2010 08:00",0.273,0.353,0.334,0.287
"404","09.07.2010 09:00",0.272,0.353,0.333,0.287
"405","09.07.2010 10:00",0.272,0.352,0.333,0.286
"406","09.07.2010 11:00",0.272,0.352,0.333,0.285
"407","09.07.2010 12:00",0.272,0.352,0.333,0.284
"408","09.07.2010 13:00",0.272,0.352,0.333,0.283
"409","09.07.2010 14:00",0.272,0.352,0.332,0.282
"410","09.07.2010 15:00",0.272,0.352,0.332,0.28
"411","09.07.2010 16:00",0.271,0.352,0.332,0.279
"412","09.07.2010 17:00",0.271,0.352,0.332,0.278
"413","09.07.2010 18:00",0.271,0.351,0.331,0.276
"414","09.07.2010 19:00",0.271,0.351,0.331,0.275
"415","09.07.2010 20:00",0.271,0.351,0.331,0.273
"416","09.07.2010 21:00",0.27,0.351,0.331,0.273
"417","09.07.2010 22:00",0.27,0.351,0.331,0.272
"418","09.07.2010 23:00",0.27,0.351,0.331,0.271
"419","10.07.2010 00:00",0.27,0.351,0.331,0.271
"420","10.07.2010 01:00",0.27,0.35,0.331,0.271
"421","10.07.2010 02:00",0.27,0.35,0.331,0.271
"422","10.07.2010 03:00",0.269,0.351,0.331,0.271
"423","10.07.2010 04:00",0.27,0.35,0.33,0.271
"424","10.07.2010 05:00",0.269,0.35,0.33,0.27
"425","10.07.2010 06:00",0.27,0.35,0.33,0.27
"426","10.07.2010 07:00",0.269,0.35,0.329,0.269
"427","10.07.2010 08:00",0.269,0.35,0.329,0.269
"428","10.07.2010 09:00",0.269,0.35,0.329,0.269
"429","10.07.2010 10:00",0.269,0.349,0.329,0.268
"430","10.07.2010 11:00",0.269,0.349,0.329,0.269
"431","10.07.2010 12:00",0.269,0.35,0.328,0.268
"432","10.07.2010 13:00",0.269,0.349,0.328,0.268
"433","10.07.2010 14:00",0.269,0.349,0.327,0.268
"434","10.07.2010 15:00",0.269,0.349,0.327,0.268
"435","10.07.2010 16:00",0.269,0.349,0.327,0.267
"436","10.07.2010 17:00",0.269,0.349,0.326,0.267
"437","10.07.2010 18:00",0.269,0.349,0.326,0.266
"438","10.07.2010 19:00",0.269,0.349,0.326,0.266
"439","10.07.2010 20:00",0.269,0.349,0.326,0.266
"440","10.07.2010 21:00",0.269,0.349,0.326,0.265
"441","10.07.2010 22:00",0.269,0.348,0.326,0.265
"442","10.07.2010 23:00",0.268,0.348,0.326,0.264
"443","11.07.2010 00:00",0.268,0.349,0.325,0.264
"444","11.07.2010 01:00",0.268,0.348,0.326,0.264
"445","11.07.2010 02:00",0.268,0.349,0.325,0.263
"446","11.07.2010 03:00",0.268,0.349,0.325,0.263
"447","11.07.2010 04:00",0.268,0.348,0.325,0.262
"448","11.07.2010 05:00",0.268,0.349,0.324,0.262
"449","11.07.2010 06:00",0.268,0.348,0.324,0.261
"450","11.07.2010 07:00",0.267,0.348,0.324,0.26
"451","11.07.2010 08:00",0.268,0.348,0.323,0.259
"452","11.07.2010 09:00",0.268,0.348,0.322,0.259
"453","11.07.2010 10:00",0.268,0.348,0.322,0.259
"454","11.07.2010 11:00",0.267,0.348,0.321,0.258
"455","11.07.2010 12:00",0.267,0.347,0.321,0.259
"456","11.07.2010 13:00",0.267,0.347,0.32,0.259
"457","11.07.2010 14:00",0.267,0.347,0.32,0.259
"458","11.07.2010 15:00",0.267,0.347,0.319,0.259
"459","11.07.2010 16:00",0.267,0.347,0.319,0.258
"460","11.07.2010 17:00",0.267,0.347,0.319,0.258
"461","11.07.2010 18:00",0.267,0.346,0.319,0.258
"462","11.07.2010 19:00",0.268,0.346,0.318,0.258
"463","11.07.2010 20:00",0.267,0.346,0.318,0.258
"464","11.07.2010 21:00",0.267,0.346,0.318,0.257
"465","11.07.2010 22:00",0.267,0.346,0.318,0.257
"466","11.07.2010 23:00",0.266,0.346,0.318,0.256
"467","12.07.2010 00:00",0.266,0.346,0.318,0.256
"468","12.07.2010 01:00",0.266,0.346,0.318,0.255
"469","12.07.2010 02:00",0.266,0.346,0.318,0.255
"470","12.07.2010 03:00",0.266,0.346,0.317,0.254
"471","12.07.2010 04:00",0.266,0.346,0.317,0.253
"472","12.07.2010 05:00",0.265,0.346,0.316,0.253
"473","12.07.2010 06:00",0.265,0.346,0.316,0.253
"474","12.07.2010 07:00",0.265,0.345,0.316,0.253
"475","12.07.2010 08:00",0.265,0.345,0.316,0.252
"476","12.07.2010 09:00",0.265,0.345,0.315,0.252
"477","12.07.2010 10:00",0.265,0.345,0.315,0.252
"478","12.07.2010 11:00",0.265,0.345,0.314,0.252
"479","12.07.2010 12:00",0.265,0.345,0.314,0.252
"480","12.07.2010 13:00",0.265,0.344,0.313,0.251
"481","12.07.2010 14:00",0.265,0.344,0.312,0.252
"482","12.07.2010 15:00",0.265,0.344,0.312,0.251
"483","12.07.2010 16:00",0.265,0.344,0.311,0.251
"484","12.07.2010 17:00",0.265,0.344,0.311,0.251
"485","12.07.2010 18:00",0.265,0.344,0.311,0.251
"486","12.07.2010 19:00",0.264,0.343,0.31,0.251
"487","12.07.2010 20:00",0.264,0.344,0.31,0.25
"488","12.07.2010 21:00",0.264,0.344,0.31,0.25
"489","12.07.2010 22:00",0.264,0.343,0.31,0.25
"490","12.07.2010 23:00",0.264,0.344,0.31,0.25
"491","13.07.2010 00:00",0.263,0.343,0.31,0.25
"492","13.07.2010 01:00",0.264,0.343,0.31,0.249
"493","13.07.2010 02:00",0.263,0.343,0.31,0.249
"494","13.07.2010 03:00",0.264,0.344,0.309,0.249
"495","13.07.2010 04:00",0.264,0.343,0.308,0.248
"496","13.07.2010 05:00",0.263,0.343,0.308,0.248
"497","13.07.2010 06:00",0.263,0.343,0.308,0.248
"498","13.07.2010 07:00",0.264,0.343,0.308,0.248
"499","13.07.2010 08:00",0.263,0.343,0.307,0.248
"500","13.07.2010 09:00",0.263,0.343,0.307,0.248
"501","13.07.2010 10:00",0.263,0.342,0.306,0.248
"502","13.07.2010 11:00",0.263,0.343,0.306,0.247
"503","13.07.2010 12:00",0.262,0.343,0.305,0.247
"504","13.07.2010 13:00",0.262,0.342,0.304,0.248
"505","13.07.2010 14:00",0.263,0.342,0.303,0.248
"506","13.07.2010 15:00",0.263,0.342,0.303,0.248
"507","13.07.2010 16:00",0.262,0.341,0.302,0.248
"508","13.07.2010 17:00",0.262,0.341,0.302,0.248
"509","13.07.2010 18:00",0.263,0.341,0.302,0.248
"510","13.07.2010 19:00",0.262,0.341,0.301,0.248
"511","13.07.2010 20:00",0.262,0.341,0.301,0.248
"512","13.07.2010 21:00",0.262,0.341,0.301,0.247
"513","13.07.2010 22:00",0.262,0.341,0.301,0.247
"514","13.07.2010 23:00",0.261,0.34,0.301,0.247
"515","14.07.2010 00:00",0.261,0.341,0.301,0.246
"516","14.07.2010 01:00",0.261,0.34,0.301,0.246
"517","14.07.2010 02:00",0.261,0.341,0.3,0.246
"518","14.07.2010 03:00",0.261,0.34,0.3,0.246
"519","14.07.2010 04:00",0.26,0.34,0.3,0.246
"520","14.07.2010 05:00",0.26,0.34,0.3,0.245
"521","14.07.2010 06:00",0.26,0.34,0.299,0.245
"522","14.07.2010 07:00",0.26,0.339,0.299,0.245
"523","14.07.2010 08:00",0.259,0.34,0.298,0.245
"524","14.07.2010 09:00",0.259,0.34,0.298,0.245
"525","14.07.2010 10:00",0.259,0.339,0.298,0.244
"526","14.07.2010 11:00",0.259,0.339,0.297,0.245
"527","14.07.2010 12:00",0.259,0.339,0.296,0.245
"528","14.07.2010 13:00",0.259,0.339,0.295,0.245
"529","14.07.2010 14:00",0.259,0.339,0.295,0.245
"530","14.07.2010 15:00",0.259,0.338,0.294,0.245
"531","14.07.2010 16:00",0.259,0.338,0.293,0.245
"532","14.07.2010 17:00",0.274,0.341,0.296,0.257
"533","14.07.2010 18:00",0.368,0.369,0.328,0.353
"534","14.07.2010 19:00",0.368,0.364,0.323,0.352
"535","14.07.2010 20:00",0.367,0.362,0.326,0.351
"536","14.07.2010 21:00",0.363,0.361,0.329,0.35
"537","14.07.2010 22:00",0.357,0.36,0.33,0.35
"538","14.07.2010 23:00",0.343,0.36,0.332,0.349
"539","15.07.2010 00:00",0.34,0.359,0.333,0.347
"540","15.07.2010 01:00",0.326,0.359,0.334,0.345
"541","15.07.2010 02:00",0.313,0.357,0.333,0.345
"542","15.07.2010 03:00",0.311,0.357,0.333,0.344
"543","15.07.2010 04:00",0.309,0.357,0.332,0.343
"544","15.07.2010 05:00",0.306,0.356,0.332,0.342
"545","15.07.2010 06:00",0.305,0.356,0.332,0.341
"546","15.07.2010 07:00",0.303,0.355,0.331,0.341
"547","15.07.2010 08:00",0.302,0.354,0.331,0.339
"548","15.07.2010 09:00",0.3,0.354,0.331,0.338
"549","15.07.2010 10:00",0.299,0.354,0.33,0.337
"550","15.07.2010 11:00",0.298,0.353,0.33,0.336
"551","15.07.2010 12:00",0.298,0.353,0.329,0.335
"552","15.07.2010 13:00",0.294,0.352,0.329,0.334
"553","15.07.2010 14:00",0.293,0.352,0.328,0.332
"554","15.07.2010 15:00",0.292,0.352,0.328,0.33
"555","15.07.2010 16:00",0.292,0.352,0.327,0.328
"556","15.07.2010 17:00",0.29,0.351,0.327,0.327
"557","15.07.2010 18:00",0.29,0.351,0.327,0.325
"558","15.07.2010 19:00",0.289,0.351,0.326,0.323
"559","15.07.2010 20:00",0.288,0.35,0.327,0.321
"560","15.07.2010 21:00",0.287,0.35,0.327,0.319
"561","15.07.2010 22:00",0.286,0.35,0.326,0.318
"562","15.07.2010 23:00",0.286,0.35,0.326,0.317
"563","16.07.2010 00:00",0.285,0.35,0.326,0.316
"564","16.07.2010 01:00",0.284,0.349,0.326,0.314
"565","16.07.2010 02:00",0.284,0.349,0.325,0.313
"566","16.07.2010 03:00",0.284,0.349,0.325,0.312
"567","16.07.2010 04:00",0.283,0.349,0.325,0.311
"568","16.07.2010 05:00",0.283,0.348,0.325,0.31
"569","16.07.2010 06:00",0.283,0.349,0.324,0.309
"570","16.07.2010 07:00",0.282,0.349,0.324,0.308
"571","16.07.2010 08:00",0.282,0.349,0.324,0.308
"572","16.07.2010 09:00",0.282,0.348,0.323,0.306
"573","16.07.2010 10:00",0.281,0.348,0.323,0.306
"574","16.07.2010 11:00",0.281,0.348,0.322,0.305
"575","16.07.2010 12:00",0.28,0.347,0.321,0.304
"576","16.07.2010 13:00",0.279,0.347,0.321,0.304
"577","16.07.2010 14:00",0.279,0.347,0.32,0.303
"578","16.07.2010 15:00",0.279,0.346,0.319,0.302
"579","16.07.2010 16:00",0.279,0.346,0.319,0.302
"580","16.07.2010 17:00",0.278,0.346,0.319,0.301
"581","16.07.2010 18:00",0.279,0.346,0.319,0.3
"582","16.07.2010 19:00",0.278,0.345,0.319,0.3
"583","16.07.2010 20:00",0.278,0.345,0.319,0.299
"584","16.07.2010 21:00",0.277,0.346,0.319,0.298
"585","16.07.2010 22:00",0.277,0.345,0.319,0.297
"586","16.07.2010 23:00",0.277,0.345,0.319,0.296
"587","17.07.2010 00:00",0.277,0.345,0.319,0.295
"588","17.07.2010 01:00",0.276,0.345,0.319,0.295
"589","17.07.2010 02:00",0.276,0.345,0.319,0.293
"590","17.07.2010 03:00",0.276,0.345,0.319,0.293
"591","17.07.2010 04:00",0.276,0.344,0.318,0.292
"592","17.07.2010 05:00",0.275,0.344,0.318,0.292
"593","17.07.2010 06:00",0.275,0.345,0.318,0.291
"594","17.07.2010 07:00",0.275,0.345,0.318,0.29
"595","17.07.2010 08:00",0.275,0.344,0.317,0.29
"596","17.07.2010 09:00",0.275,0.344,0.317,0.289
"597","17.07.2010 10:00",0.275,0.344,0.317,0.288
"598","17.07.2010 11:00",0.275,0.344,0.316,0.288
"599","17.07.2010 12:00",0.274,0.344,0.316,0.287
"600","17.07.2010 13:00",0.274,0.344,0.315,0.287
"601","17.07.2010 14:00",0.274,0.344,0.314,0.286
"602","17.07.2010 15:00",0.274,0.344,0.314,0.285
"603","17.07.2010 16:00",0.274,0.343,0.313,0.283
"604","17.07.2010 17:00",0.273,0.343,0.313,0.283
"605","17.07.2010 18:00",0.273,0.343,0.313,0.281
"606","17.07.2010 19:00",0.273,0.343,0.313,0.28
"607","17.07.2010 20:00",0.272,0.342,0.313,0.279
"608","17.07.2010 21:00",0.272,0.342,0.312,0.278
"609","17.07.2010 22:00",0.272,0.342,0.312,0.277
"610","17.07.2010 23:00",0.272,0.342,0.312,0.276
"611","18.07.2010 00:00",0.271,0.342,0.311,0.275
"612","18.07.2010 01:00",0.272,0.342,0.311,0.275
"613","18.07.2010 02:00",0.272,0.342,0.312,0.273
"614","18.07.2010 03:00",0.271,0.342,0.311,0.273
"615","18.07.2010 04:00",0.271,0.342,0.311,0.272
"616","18.07.2010 05:00",0.271,0.342,0.311,0.271
"617","18.07.2010 06:00",0.271,0.342,0.311,0.27
"618","18.07.2010 07:00",0.271,0.342,0.31,0.27
"619","18.07.2010 08:00",0.271,0.341,0.31,0.269
"620","18.07.2010 09:00",0.27,0.342,0.31,0.268
"621","18.07.2010 10:00",0.27,0.341,0.309,0.268
"622","18.07.2010 11:00",0.27,0.341,0.308,0.267
"623","18.07.2010 12:00",0.27,0.341,0.308,0.266
"624","18.07.2010 13:00",0.27,0.34,0.306,0.266
"625","18.07.2010 14:00",0.27,0.341,0.306,0.265
"626","18.07.2010 15:00",0.27,0.341,0.305,0.264
"627","18.07.2010 16:00",0.27,0.34,0.304,0.263
"628","18.07.2010 17:00",0.27,0.34,0.304,0.263
"629","18.07.2010 18:00",0.269,0.339,0.303,0.262
"630","18.07.2010 19:00",0.269,0.34,0.303,0.261
"631","18.07.2010 20:00",0.269,0.339,0.303,0.26
"632","18.07.2010 21:00",0.269,0.339,0.303,0.259
"633","18.07.2010 22:00",0.269,0.339,0.302,0.258
"634","18.07.2010 23:00",0.268,0.339,0.302,0.258
"635","19.07.2010 00:00",0.268,0.339,0.302,0.257
"636","19.07.2010 01:00",0.268,0.339,0.302,0.257
"637","19.07.2010 02:00",0.268,0.338,0.302,0.256
"638","19.07.2010 03:00",0.267,0.339,0.302,0.255
"639","19.07.2010 04:00",0.267,0.339,0.302,0.255
"640","19.07.2010 05:00",0.268,0.338,0.301,0.254
"641","19.07.2010 06:00",0.267,0.338,0.301,0.253
"642","19.07.2010 07:00",0.267,0.338,0.301,0.253
"643","19.07.2010 08:00",0.267,0.338,0.3,0.252
"644","19.07.2010 09:00",0.267,0.338,0.3,0.252
"645","19.07.2010 10:00",0.266,0.338,0.299,0.252
"646","19.07.2010 11:00",0.266,0.338,0.299,0.251
"647","19.07.2010 12:00",0.266,0.338,0.298,0.251
"648","19.07.2010 13:00",0.266,0.337,0.297,0.25
"649","19.07.2010 14:00",0.266,0.337,0.296,0.251
"650","19.07.2010 15:00",0.266,0.337,0.295,0.25
"651","19.07.2010 16:00",0.266,0.337,0.294,0.25
"652","19.07.2010 17:00",0.266,0.336,0.293,0.249
"653","19.07.2010 18:00",0.265,0.336,0.292,0.249
"654","19.07.2010 19:00",0.265,0.336,0.292,0.249
"655","19.07.2010 20:00",0.265,0.336,0.292,0.249
"656","19.07.2010 21:00",0.265,0.336,0.291,0.249
"657","19.07.2010 22:00",0.264,0.336,0.291,0.248
"658","19.07.2010 23:00",0.264,0.335,0.291,0.248
"659","20.07.2010 00:00",0.264,0.336,0.291,0.248
"660","20.07.2010 01:00",0.264,0.336,0.291,0.247
"661","20.07.2010 02:00",0.264,0.335,0.291,0.247
"662","20.07.2010 03:00",0.264,0.335,0.291,0.247
"663","20.07.2010 04:00",0.263,0.335,0.29,0.246
"664","20.07.2010 05:00",0.264,0.335,0.29,0.246
"665","20.07.2010 06:00",0.263,0.335,0.29,0.246
"666","20.07.2010 07:00",0.263,0.335,0.29,0.246
"667","20.07.2010 08:00",0.263,0.335,0.289,0.245
"668","20.07.2010 09:00",0.263,0.335,0.289,0.245
"669","20.07.2010 10:00",0.263,0.334,0.288,0.245
"670","20.07.2010 11:00",0.262,0.334,0.287,0.245
"671","20.07.2010 12:00",0.263,0.334,0.286,0.244
"672","20.07.2010 13:00",0.263,0.333,0.284,0.244
"673","20.07.2010 14:00",0.263,0.333,0.283,0.244
"674","20.07.2010 15:00",0.262,0.333,0.281,0.244
"675","20.07.2010 16:00",0.262,0.333,0.28,0.244
"676","20.07.2010 17:00",0.262,0.333,0.279,0.243
"677","20.07.2010 18:00",0.262,0.332,0.278,0.243
"678","20.07.2010 19:00",0.262,0.332,0.277,0.243
"679","20.07.2010 20:00",0.261,0.332,0.277,0.243
"680","20.07.2010 21:00",0.261,0.332,0.276,0.243
"681","20.07.2010 22:00",0.261,0.331,0.276,0.242
"682","20.07.2010 23:00",0.26,0.33,0.276,0.242
"683","21.07.2010 00:00",0.26,0.331,0.276,0.242
"684","21.07.2010 01:00",0.26,0.331,0.276,0.242
"685","21.07.2010 02:00",0.26,0.331,0.276,0.242
"686","21.07.2010 03:00",0.26,0.33,0.276,0.242
"687","21.07.2010 04:00",0.26,0.33,0.276,0.241
"688","21.07.2010 05:00",0.26,0.33,0.276,0.241
"689","21.07.2010 06:00",0.26,0.331,0.276,0.241
"690","21.07.2010 07:00",0.26,0.33,0.275,0.241
"691","21.07.2010 08:00",0.26,0.329,0.275,0.241
"692","21.07.2010 09:00",0.26,0.33,0.275,0.241
"693","21.07.2010 10:00",0.26,0.329,0.275,0.24
"694","21.07.2010 11:00",0.259,0.329,0.273,0.24
"695","21.07.2010 12:00",0.259,0.329,0.272,0.24
"696","21.07.2010 13:00",0.259,0.329,0.271,0.24
"697","21.07.2010 14:00",0.259,0.328,0.269,0.24
"698","21.07.2010 15:00",0.259,0.328,0.268,0.24
"699","21.07.2010 16:00",0.258,0.328,0.266,0.24
"700","21.07.2010 17:00",0.347,0.365,0.297,0.319
"701","21.07.2010 18:00",0.354,0.37,0.3,0.335
"702","21.07.2010 19:00",0.347,0.364,0.304,0.337
"703","21.07.2010 20:00",0.338,0.36,0.306,0.34
"704","21.07.2010 21:00",0.334,0.358,0.309,0.343
"705","21.07.2010 22:00",0.32,0.358,0.312,0.343
"706","21.07.2010 23:00",0.311,0.355,0.313,0.342
"707","22.07.2010 00:00",0.307,0.353,0.315,0.341
"708","22.07.2010 01:00",0.303,0.353,0.316,0.34
"709","22.07.2010 02:00",0.301,0.351,0.317,0.34
"710","22.07.2010 03:00",0.298,0.351,0.318,0.339
"711","22.07.2010 04:00",0.296,0.35,0.318,0.337
"712","22.07.2010 05:00",0.294,0.349,0.319,0.336
"713","22.07.2010 06:00",0.293,0.349,0.319,0.334
"714","22.07.2010 07:00",0.292,0.349,0.319,0.333
"715","22.07.2010 08:00",0.291,0.348,0.319,0.332
"716","22.07.2010 09:00",0.29,0.348,0.319,0.331
"717","22.07.2010 10:00",0.288,0.347,0.319,0.329
"718","22.07.2010 11:00",0.288,0.347,0.318,0.328
"719","22.07.2010 12:00",0.286,0.346,0.318,0.326
"720","22.07.2010 13:00",0.285,0.346,0.318,0.324
"721","22.07.2010 14:00",0.284,0.345,0.317,0.322
"722","22.07.2010 15:00",0.283,0.345,0.316,0.319
"723","22.07.2010 16:00",0.283,0.345,0.316,0.317
"724","22.07.2010 17:00",0.281,0.344,0.315,0.315
"725","22.07.2010 18:00",0.281,0.344,0.316,0.314
"726","22.07.2010 19:00",0.28,0.344,0.315,0.312
"727","22.07.2010 20:00",0.28,0.343,0.316,0.311
"728","22.07.2010 21:00",0.279,0.343,0.315,0.309
"729","22.07.2010 22:00",0.278,0.342,0.315,0.308
"730","22.07.2010 23:00",0.278,0.342,0.315,0.307
"731","23.07.2010 00:00",0.277,0.342,0.315,0.306
"732","23.07.2010 01:00",0.277,0.342,0.315,0.305
"733","23.07.2010 02:00",0.277,0.341,0.314,0.305
"734","23.07.2010 03:00",0.276,0.341,0.314,0.304
"735","23.07.2010 04:00",0.275,0.341,0.314,0.302
"736","23.07.2010 05:00",0.275,0.341,0.313,0.302
"737","23.07.2010 06:00",0.275,0.341,0.314,0.301
"738","23.07.2010 07:00",0.275,0.34,0.313,0.3
"739","23.07.2010 08:00",0.274,0.34,0.313,0.3
"740","23.07.2010 09:00",0.274,0.34,0.313,0.299
"741","23.07.2010 10:00",0.274,0.34,0.312,0.299
"742","23.07.2010 11:00",0.274,0.339,0.312,0.298
"743","23.07.2010 12:00",0.273,0.339,0.312,0.297
"744","23.07.2010 13:00",0.272,0.339,0.311,0.297
"745","23.07.2010 14:00",0.272,0.339,0.311,0.295
"746","23.07.2010 15:00",0.272,0.339,0.31,0.294
"747","23.07.2010 16:00",0.271,0.338,0.309,0.293
"748","23.07.2010 17:00",0.271,0.338,0.308,0.292
"749","23.07.2010 18:00",0.271,0.338,0.307,0.29
"750","23.07.2010 19:00",0.27,0.337,0.307,0.289
"751","23.07.2010 20:00",0.269,0.337,0.307,0.288
"752","23.07.2010 21:00",0.27,0.337,0.307,0.287
"753","23.07.2010 22:00",0.27,0.337,0.307,0.287
"754","23.07.2010 23:00",0.27,0.336,0.306,0.285
"755","24.07.2010 00:00",0.269,0.336,0.306,0.284
"756","24.07.2010 01:00",0.269,0.336,0.306,0.284
"757","24.07.2010 02:00",0.269,0.336,0.306,0.283
"758","24.07.2010 03:00",0.269,0.336,0.306,0.282
"759","24.07.2010 04:00",0.269,0.336,0.306,0.281
"760","24.07.2010 05:00",0.268,0.335,0.305,0.281
"761","24.07.2010 06:00",0.268,0.336,0.306,0.28
"762","24.07.2010 07:00",0.268,0.336,0.305,0.279
"763","24.07.2010 08:00",0.268,0.335,0.305,0.279
"764","24.07.2010 09:00",0.268,0.335,0.304,0.277
"765","24.07.2010 10:00",0.267,0.335,0.304,0.276
"766","24.07.2010 11:00",0.267,0.335,0.303,0.275
"767","24.07.2010 12:00",0.267,0.334,0.302,0.274
"768","24.07.2010 13:00",0.267,0.335,0.302,0.272
"769","24.07.2010 14:00",0.266,0.334,0.301,0.272
"770","24.07.2010 15:00",0.266,0.334,0.3,0.271
"771","24.07.2010 16:00",0.266,0.333,0.299,0.269
"772","24.07.2010 17:00",0.266,0.333,0.299,0.268
"773","24.07.2010 18:00",0.265,0.333,0.298,0.267
"774","24.07.2010 19:00",0.265,0.333,0.298,0.266
"775","24.07.2010 20:00",0.264,0.332,0.298,0.265
"776","24.07.2010 21:00",0.264,0.332,0.298,0.264
"777","24.07.2010 22:00",0.264,0.332,0.298,0.264
"778","24.07.2010 23:00",0.264,0.331,0.298,0.263
"779","25.07.2010 00:00",0.264,0.332,0.298,0.262
"780","25.07.2010 01:00",0.264,0.331,0.297,0.261
"781","25.07.2010 02:00",0.264,0.331,0.298,0.26
"782","25.07.2010 03:00",0.264,0.331,0.297,0.26
"783","25.07.2010 04:00",0.264,0.331,0.297,0.26
"784","25.07.2010 05:00",0.264,0.331,0.298,0.259
"785","25.07.2010 06:00",0.264,0.331,0.297,0.258
"786","25.07.2010 07:00",0.263,0.331,0.297,0.258
"787","25.07.2010 08:00",0.263,0.331,0.297,0.257
"788","25.07.2010 09:00",0.263,0.331,0.297,0.256
"789","25.07.2010 10:00",0.263,0.331,0.296,0.256
"790","25.07.2010 11:00",0.263,0.331,0.295,0.255
"791","25.07.2010 12:00",0.262,0.33,0.294,0.254
"792","25.07.2010 13:00",0.263,0.33,0.294,0.253
"793","25.07.2010 14:00",0.261,0.33,0.293,0.252
"794","25.07.2010 15:00",0.262,0.33,0.292,0.251
"795","25.07.2010 16:00",0.262,0.329,0.291,0.251
"796","25.07.2010 17:00",0.262,0.329,0.29,0.25
"797","25.07.2010 18:00",0.261,0.329,0.29,0.25
"798","25.07.2010 19:00",0.261,0.329,0.289,0.249
"799","25.07.2010 20:00",0.26,0.328,0.289,0.249
"800","25.07.2010 21:00",0.26,0.329,0.289,0.248
"801","25.07.2010 22:00",0.26,0.328,0.289,0.248
"802","25.07.2010 23:00",0.26,0.328,0.289,0.248
"803","26.07.2010 00:00",0.26,0.328,0.289,0.248
"804","26.07.2010 01:00",0.26,0.328,0.289,0.247
"805","26.07.2010 02:00",0.26,0.328,0.289,0.247
"806","26.07.2010 03:00",0.26,0.328,0.289,0.246
"807","26.07.2010 04:00",0.26,0.328,0.289,0.246
"808","26.07.2010 05:00",0.26,0.328,0.289,0.246
"809","26.07.2010 06:00",0.259,0.328,0.288,0.245
"810","26.07.2010 07:00",0.259,0.328,0.288,0.245
"811","26.07.2010 08:00",0.259,0.328,0.288,0.245
"812","26.07.2010 09:00",0.259,0.328,0.287,0.245
"813","26.07.2010 10:00",0.26,0.327,0.287,0.244
"814","26.07.2010 11:00",0.259,0.327,0.286,0.244
"815","26.07.2010 12:00",0.258,0.326,0.285,0.243
"816","26.07.2010 13:00",0.258,0.326,0.283,0.243
"817","26.07.2010 14:00",0.258,0.326,0.282,0.243
"818","26.07.2010 15:00",0.258,0.326,0.281,0.243
"819","26.07.2010 16:00",0.258,0.326,0.28,0.243
"820","26.07.2010 17:00",0.257,0.325,0.279,0.242
"821","26.07.2010 18:00",0.257,0.325,0.278,0.242
"822","26.07.2010 19:00",0.257,0.325,0.278,0.242
"823","26.07.2010 20:00",0.257,0.325,0.278,0.241
"824","26.07.2010 21:00",0.257,0.324,0.277,0.241
"825","26.07.2010 22:00",0.257,0.324,0.277,0.241
"826","26.07.2010 23:00",0.256,0.324,0.277,0.24
"827","27.07.2010 00:00",0.256,0.324,0.277,0.24
"828","27.07.2010 01:00",0.256,0.324,0.277,0.24
"829","27.07.2010 02:00",0.256,0.324,0.277,0.24
"830","27.07.2010 03:00",0.256,0.324,0.277,0.24
"831","27.07.2010 04:00",0.256,0.324,0.277,0.239
"832","27.07.2010 05:00",0.256,0.324,0.277,0.239
"833","27.07.2010 06:00",0.256,0.323,0.277,0.239
"834","27.07.2010 07:00",0.256,0.323,0.277,0.239
"835","27.07.2010 08:00",0.256,0.323,0.276,0.239
"836","27.07.2010 09:00",0.256,0.322,0.276,0.238
"837","27.07.2010 10:00",0.256,0.322,0.275,0.238
"838","27.07.2010 11:00",0.256,0.322,0.274,0.238
"839","27.07.2010 12:00",0.255,0.322,0.273,0.237
"840","27.07.2010 13:00",0.255,0.321,0.272,0.237
"841","27.07.2010 14:00",0.255,0.321,0.27,0.237
"842","27.07.2010 15:00",0.254,0.321,0.269,0.237
"843","27.07.2010 16:00",0.254,0.32,0.267,0.236
"844","27.07.2010 17:00",0.254,0.32,0.266,0.236
"845","27.07.2010 18:00",0.253,0.319,0.265,0.236
"846","27.07.2010 19:00",0.253,0.319,0.264,0.236
"847","27.07.2010 20:00",0.253,0.318,0.264,0.235
"848","27.07.2010 21:00",0.253,0.319,0.263,0.235
"849","27.07.2010 22:00",0.252,0.318,0.264,0.235
"850","27.07.2010 23:00",0.253,0.318,0.264,0.235
"851","28.07.2010 00:00",0.252,0.318,0.264,0.234
"852","28.07.2010 01:00",0.252,0.318,0.264,0.234
"853","28.07.2010 02:00",0.253,0.318,0.264,0.234
"854","28.07.2010 03:00",0.252,0.317,0.264,0.234
"855","28.07.2010 04:00",0.252,0.318,0.264,0.234
"856","28.07.2010 05:00",0.252,0.318,0.263,0.234
"857","28.07.2010 06:00",0.252,0.317,0.263,0.233
"858","28.07.2010 07:00",0.252,0.317,0.264,0.233
"859","28.07.2010 08:00",0.252,0.317,0.264,0.233
"860","28.07.2010 09:00",0.252,0.316,0.263,0.233
"861","28.07.2010 10:00",0.252,0.317,0.262,0.233
"862","28.07.2010 11:00",0.252,0.316,0.261,0.233
"863","28.07.2010 12:00",0.252,0.316,0.26,0.233
"864","28.07.2010 13:00",0.251,0.316,0.259,0.232
"865","28.07.2010 14:00",0.251,0.315,0.258,0.232
"866","28.07.2010 15:00",0.251,0.314,0.257,0.232
"867","28.07.2010 16:00",0.251,0.314,0.255,0.232
"868","28.07.2010 17:00",0.251,0.314,0.253,0.232
"869","28.07.2010 18:00",0.251,0.315,0.252,0.232
"870","28.07.2010 19:00",0.251,0.314,0.252,0.232
"871","28.07.2010 20:00",0.251,0.313,0.252,0.232
"872","28.07.2010 21:00",0.251,0.313,0.252,0.232
"873","28.07.2010 22:00",0.25,0.313,0.252,0.232
"874","28.07.2010 23:00",0.25,0.313,0.252,0.231
"875","29.07.2010 00:00",0.251,0.312,0.252,0.231
"876","29.07.2010 01:00",0.25,0.312,0.252,0.231
"877","29.07.2010 02:00",0.25,0.311,0.252,0.231
"878","29.07.2010 03:00",0.25,0.312,0.252,0.231
"879","29.07.2010 04:00",0.25,0.311,0.252,0.231
"880","29.07.2010 05:00",0.25,0.311,0.252,0.23
"881","29.07.2010 06:00",0.251,0.311,0.251,0.23
"882","29.07.2010 07:00",0.25,0.311,0.251,0.23
"883","29.07.2010 08:00",0.25,0.311,0.251,0.23
"884","29.07.2010 09:00",0.25,0.311,0.251,0.229
"885","29.07.2010 10:00",0.25,0.311,0.251,0.23
"886","29.07.2010 11:00",0.25,0.311,0.25,0.229
"887","29.07.2010 12:00",0.25,0.31,0.25,0.23
"888","29.07.2010 13:00",0.25,0.31,0.249,0.23
"889","29.07.2010 14:00",0.25,0.31,0.249,0.229
"890","29.07.2010 15:00",0.25,0.309,0.248,0.229
"891","29.07.2010 16:00",0.25,0.309,0.247,0.229
"892","29.07.2010 17:00",0.25,0.307,0.246,0.229
"893","29.07.2010 18:00",0.25,0.307,0.246,0.229
"894","29.07.2010 19:00",0.249,0.307,0.246,0.229
"895","29.07.2010 20:00",0.249,0.307,0.246,0.229
"896","29.07.2010 21:00",0.249,0.306,0.247,0.229
"897","29.07.2010 22:00",0.249,0.304,0.247,0.229
"898","29.07.2010 23:00",0.249,0.304,0.247,0.229
"899","30.07.2010 00:00",0.249,0.303,0.247,0.228
"900","30.07.2010 01:00",0.249,0.303,0.247,0.228
"901","30.07.2010 02:00",0.249,0.303,0.247,0.228
"902","30.07.2010 03:00",0.249,0.303,0.247,0.228
"903","30.07.2010 04:00",0.249,0.302,0.247,0.228
"904","30.07.2010 05:00",0.249,0.303,0.247,0.228
"905","30.07.2010 06:00",0.249,0.303,0.247,0.231
"906","30.07.2010 07:00",0.249,0.302,0.248,0.236
"907","30.07.2010 08:00",0.249,0.302,0.248,0.236
"908","30.07.2010 09:00",0.249,0.302,0.248,0.236
"909","30.07.2010 10:00",0.249,0.302,0.248,0.236
"910","30.07.2010 11:00",0.249,0.302,0.248,0.236
"911","30.07.2010 12:00",0.249,0.302,0.247,0.236
"912","30.07.2010 13:00",0.249,0.302,0.247,0.236
"913","30.07.2010 14:00",0.249,0.302,0.247,0.236
"914","30.07.2010 15:00",0.249,0.302,0.247,0.236
"915","30.07.2010 16:00",0.249,0.301,0.247,0.236
"916","30.07.2010 17:00",0.249,0.301,0.246,0.236
"917","30.07.2010 18:00",0.248,0.301,0.247,0.236
"918","30.07.2010 19:00",0.248,0.301,0.246,0.236
"919","30.07.2010 20:00",0.248,0.301,0.246,0.236
"920","30.07.2010 21:00",0.248,0.3,0.247,0.236
"921","30.07.2010 22:00",0.248,0.301,0.247,0.236
"922","30.07.2010 23:00",0.248,0.3,0.247,0.235
"923","31.07.2010 00:00",0.248,0.3,0.247,0.235
"924","31.07.2010 01:00",0.248,0.3,0.247,0.235
"925","31.07.2010 02:00",0.248,0.3,0.247,0.235
"926","31.07.2010 03:00",0.248,0.3,0.247,0.235
"927","31.07.2010 04:00",0.248,0.3,0.247,0.235
"928","31.07.2010 05:00",0.248,0.3,0.247,0.235
"929","31.07.2010 06:00",0.248,0.301,0.247,0.234
"930","31.07.2010 07:00",0.248,0.3,0.247,0.234
"931","31.07.2010 08:00",0.248,0.3,0.247,0.234
"932","31.07.2010 09:00",0.248,0.3,0.247,0.234
"933","31.07.2010 10:00",0.248,0.3,0.247,0.234
"934","31.07.2010 11:00",0.248,0.3,0.247,0.234
"935","31.07.2010 12:00",0.248,0.3,0.246,0.234
"936","31.07.2010 13:00",0.248,0.299,0.246,0.234
"937","31.07.2010 14:00",0.248,0.299,0.246,0.234
"938","31.07.2010 15:00",0.248,0.299,0.246,0.234
"939","31.07.2010 16:00",0.248,0.299,0.246,0.234
"940","31.07.2010 17:00",0.247,0.299,0.246,0.233
"941","31.07.2010 18:00",0.247,0.298,0.245,0.233
"942","31.07.2010 19:00",0.247,0.298,0.245,0.233
"943","31.07.2010 20:00",0.247,0.298,0.245,0.233
"944","31.07.2010 21:00",0.247,0.298,0.245,0.233
"945","31.07.2010 22:00",0.247,0.298,0.246,0.233
"946","31.07.2010 23:00",0.247,0.298,0.246,0.233
"947","01.08.2010 00:00",0.247,0.298,0.246,0.233
"948","01.08.2010 01:00",0.247,0.298,0.246,0.233
"949","01.08.2010 02:00",0.247,0.298,0.246,0.232
"950","01.08.2010 03:00",0.247,0.298,0.246,0.232
"951","01.08.2010 04:00",0.247,0.297,0.246,0.232
"952","01.08.2010 05:00",0.247,0.298,0.246,0.232
"953","01.08.2010 06:00",0.247,0.298,0.246,0.232
"954","01.08.2010 07:00",0.247,0.298,0.246,0.232
"955","01.08.2010 08:00",0.247,0.298,0.246,0.231
"956","01.08.2010 09:00",0.247,0.297,0.246,0.231
"957","01.08.2010 10:00",0.247,0.298,0.246,0.231
"958","01.08.2010 11:00",0.247,0.298,0.245,0.231
"959","01.08.2010 12:00",0.247,0.297,0.245,0.231
"960","01.08.2010 13:00",0.247,0.296,0.245,0.231
"961","01.08.2010 14:00",0.246,0.296,0.244,0.231
"962","01.08.2010 15:00",0.246,0.296,0.244,0.231
"963","01.08.2010 16:00",0.246,0.296,0.243,0.23
"964","01.08.2010 17:00",0.246,0.295,0.243,0.231
"965","01.08.2010 18:00",0.246,0.295,0.242,0.23
"966","01.08.2010 19:00",0.246,0.295,0.242,0.23
"967","01.08.2010 20:00",0.245,0.295,0.242,0.23
"968","01.08.2010 21:00",0.245,0.294,0.242,0.23
"969","01.08.2010 22:00",0.245,0.294,0.243,0.23
"970","01.08.2010 23:00",0.245,0.294,0.243,0.23
"971","02.08.2010 00:00",0.245,0.294,0.243,0.23
"972","02.08.2010 01:00",0.245,0.294,0.243,0.229
"973","02.08.2010 02:00",0.245,0.294,0.243,0.229
"974","02.08.2010 03:00",0.245,0.294,0.243,0.229
"975","02.08.2010 04:00",0.245,0.294,0.243,0.229
"976","02.08.2010 05:00",0.245,0.293,0.243,0.229
"977","02.08.2010 06:00",0.245,0.294,0.243,0.229
"978","02.08.2010 07:00",0.245,0.294,0.243,0.229
"979","02.08.2010 08:00",0.245,0.293,0.243,0.229
"980","02.08.2010 09:00",0.245,0.293,0.243,0.229
"981","02.08.2010 10:00",0.245,0.293,0.242,0.228
"982","02.08.2010 11:00",0.245,0.293,0.242,0.228
"983","02.08.2010 12:00",0.245,0.293,0.242,0.228
"984","02.08.2010 13:00",0.245,0.293,0.242,0.228
"985","02.08.2010 14:00",0.245,0.292,0.241,0.228
"986","02.08.2010 15:00",0.245,0.292,0.241,0.228
"987","02.08.2010 16:00",0.244,0.292,0.241,0.228
"988","02.08.2010 17:00",0.244,0.291,0.24,0.228
"989","02.08.2010 18:00",0.244,0.291,0.24,0.228
"990","02.08.2010 19:00",0.244,0.291,0.24,0.228
"991","02.08.2010 20:00",0.244,0.29,0.241,0.228
"992","02.08.2010 21:00",0.244,0.291,0.241,0.228
"993","02.08.2010 22:00",0.244,0.29,0.241,0.228
"994","02.08.2010 23:00",0.244,0.29,0.241,0.227
"995","03.08.2010 00:00",0.244,0.29,0.241,0.227
"996","03.08.2010 01:00",0.244,0.291,0.241,0.227
"997","03.08.2010 02:00",0.244,0.29,0.241,0.227
"998","03.08.2010 03:00",0.244,0.29,0.241,0.227
"999","03.08.2010 04:00",0.244,0.29,0.241,0.227
"1000","03.08.2010 05:00",0.244,0.29,0.241,0.227
"1001","03.08.2010 06:00",0.244,0.29,0.241,0.227
"1002","03.08.2010 07:00",0.244,0.29,0.241,0.226
"1003","03.08.2010 08:00",0.244,0.29,0.24,0.226
"1004","03.08.2010 09:00",0.244,0.29,0.24,0.226
"1005","03.08.2010 10:00",0.244,0.29,0.24,0.226
"1006","03.08.2010 11:00",0.244,0.29,0.24,0.226
"1007","03.08.2010 12:00",0.244,0.289,0.24,0.226
"1008","03.08.2010 13:00",0.244,0.29,0.24,0.226
"1009","03.08.2010 14:00",0.244,0.29,0.24,0.227
"1010","03.08.2010 15:00",0.243,0.289,0.239,0.227
"1011","03.08.2010 16:00",0.243,0.289,0.239,0.227
"1012","03.08.2010 17:00",0.243,0.288,0.239,0.227
"1013","03.08.2010 18:00",0.243,0.288,0.239,0.227
"1014","03.08.2010 19:00",0.243,0.287,0.239,0.227
"1015","03.08.2010 20:00",0.243,0.287,0.239,0.227
"1016","03.08.2010 21:00",0.243,0.287,0.239,0.227
"1017","03.08.2010 22:00",0.243,0.287,0.239,0.227
"1018","03.08.2010 23:00",0.243,0.287,0.239,0.227
"1019","04.08.2010 00:00",0.243,0.286,0.239,0.226
"1020","04.08.2010 01:00",0.243,0.287,0.239,0.226
"1021","04.08.2010 02:00",0.243,0.287,0.239,0.226
"1022","04.08.2010 03:00",0.243,0.287,0.239,0.226
"1023","04.08.2010 04:00",0.243,0.287,0.239,0.226
"1024","04.08.2010 05:00",0.243,0.287,0.239,0.226
"1025","04.08.2010 06:00",0.243,0.287,0.239,0.225
"1026","04.08.2010 07:00",0.243,0.287,0.239,0.225
"1027","04.08.2010 08:00",0.243,0.287,0.239,0.225
"1028","04.08.2010 09:00",0.243,0.287,0.239,0.225
"1029","04.08.2010 10:00",0.243,0.286,0.238,0.225
"1030","04.08.2010 11:00",0.243,0.287,0.238,0.225
"1031","04.08.2010 12:00",0.242,0.286,0.238,0.225
"1032","04.08.2010 13:00",0.242,0.286,0.238,0.225
"1033","04.08.2010 14:00",0.242,0.285,0.237,0.226
"1034","04.08.2010 15:00",0.242,0.285,0.237,0.226
"1035","04.08.2010 16:00",0.242,0.284,0.238,0.226
"1036","04.08.2010 17:00",0.242,0.284,0.237,0.226
"1037","04.08.2010 18:00",0.242,0.283,0.237,0.226
"1038","04.08.2010 19:00",0.242,0.284,0.237,0.226
"1039","04.08.2010 20:00",0.241,0.283,0.237,0.225
"1040","04.08.2010 21:00",0.241,0.283,0.237,0.225
"1041","04.08.2010 22:00",0.241,0.283,0.237,0.225
"1042","04.08.2010 23:00",0.241,0.283,0.237,0.225
"1043","05.08.2010 00:00",0.241,0.283,0.237,0.225
"1044","05.08.2010 01:00",0.241,0.283,0.237,0.225
"1045","05.08.2010 02:00",0.241,0.283,0.237,0.225
"1046","05.08.2010 03:00",0.241,0.283,0.237,0.224
"1047","05.08.2010 04:00",0.241,0.283,0.237,0.224
"1048","05.08.2010 05:00",0.241,0.283,0.237,0.224
"1049","05.08.2010 06:00",0.241,0.283,0.237,0.224
"1050","05.08.2010 07:00",0.241,0.283,0.237,0.224
"1051","05.08.2010 08:00",0.241,0.283,0.237,0.224
"1052","05.08.2010 09:00",0.241,0.283,0.236,0.223
"1053","05.08.2010 10:00",0.241,0.283,0.236,0.223
"1054","05.08.2010 11:00",0.241,0.283,0.236,0.223
"1055","05.08.2010 12:00",0.241,0.282,0.236,0.223
"1056","05.08.2010 13:00",0.241,0.281,0.236,0.224
"1057","05.08.2010 14:00",0.241,0.281,0.235,0.224
"1058","05.08.2010 15:00",0.24,0.281,0.235,0.224
"1059","05.08.2010 16:00",0.24,0.28,0.235,0.224
"1060","05.08.2010 17:00",0.24,0.28,0.235,0.224
"1061","05.08.2010 18:00",0.24,0.28,0.235,0.225
"1062","05.08.2010 19:00",0.24,0.279,0.235,0.225
"1063","05.08.2010 20:00",0.24,0.279,0.235,0.224
"1064","05.08.2010 21:00",0.24,0.279,0.235,0.224
"1065","05.08.2010 22:00",0.24,0.279,0.235,0.224
"1066","05.08.2010 23:00",0.24,0.279,0.235,0.224
"1067","06.08.2010 00:00",0.24,0.279,0.235,0.224
"1068","06.08.2010 01:00",0.24,0.279,0.235,0.224
"1069","06.08.2010 02:00",0.24,0.279,0.235,0.223
"1070","06.08.2010 03:00",0.24,0.279,0.235,0.223
"1071","06.08.2010 04:00",0.239,0.279,0.235,0.223
"1072","06.08.2010 05:00",0.239,0.279,0.235,0.223
"1073","06.08.2010 06:00",0.24,0.279,0.235,0.223
"1074","06.08.2010 07:00",0.24,0.279,0.235,0.222
"1075","06.08.2010 08:00",0.24,0.279,0.235,0.222
"1076","06.08.2010 09:00",0.24,0.279,0.235,0.222
"1077","06.08.2010 10:00",0.24,0.279,0.235,0.222
"1078","06.08.2010 11:00",0.24,0.279,0.235,0.222
"1079","06.08.2010 12:00",0.24,0.279,0.234,0.222
"1080","06.08.2010 13:00",0.239,0.278,0.234,0.222
"1081","06.08.2010 14:00",0.239,0.279,0.234,0.222
"1082","06.08.2010 15:00",0.239,0.278,0.234,0.223
"1083","06.08.2010 16:00",0.239,0.278,0.234,0.223
"1084","06.08.2010 17:00",0.239,0.277,0.233,0.224
"1085","06.08.2010 18:00",0.239,0.276,0.233,0.224
"1086","06.08.2010 19:00",0.239,0.277,0.233,0.223
"1087","06.08.2010 20:00",0.238,0.276,0.233,0.224
"1088","06.08.2010 21:00",0.238,0.276,0.233,0.223
"1089","06.08.2010 22:00",0.238,0.276,0.233,0.223
"1090","06.08.2010 23:00",0.238,0.276,0.234,0.223
"1091","07.08.2010 00:00",0.239,0.276,0.234,0.222
"1092","07.08.2010 01:00",0.239,0.276,0.234,0.222
"1093","07.08.2010 02:00",0.239,0.276,0.234,0.222
"1094","07.08.2010 03:00",0.239,0.277,0.234,0.222
"1095","07.08.2010 04:00",0.239,0.277,0.233,0.222
"1096","07.08.2010 05:00",0.239,0.277,0.233,0.222
"1097","07.08.2010 06:00",0.239,0.277,0.233,0.221
"1098","07.08.2010 07:00",0.239,0.277,0.233,0.221
"1099","07.08.2010 08:00",0.239,0.277,0.233,0.221
"1100","07.08.2010 09:00",0.239,0.276,0.233,0.221
"1101","07.08.2010 10:00",0.239,0.276,0.233,0.221
"1102","07.08.2010 11:00",0.238,0.276,0.233,0.221
"1103","07.08.2010 12:00",0.238,0.276,0.233,0.221
"1104","07.08.2010 13:00",0.238,0.275,0.232,0.221
"1105","07.08.2010 14:00",0.238,0.274,0.232,0.222
"1106","07.08.2010 15:00",0.238,0.274,0.232,0.222
"1107","07.08.2010 16:00",0.237,0.274,0.231,0.222
"1108","07.08.2010 17:00",0.237,0.273,0.231,0.223
"1109","07.08.2010 18:00",0.237,0.273,0.231,0.223
"1110","07.08.2010 19:00",0.237,0.273,0.231,0.223
"1111","07.08.2010 20:00",0.237,0.273,0.231,0.223
"1112","07.08.2010 21:00",0.237,0.273,0.231,0.223
"1113","07.08.2010 22:00",0.237,0.272,0.232,0.222
"1114","07.08.2010 23:00",0.237,0.272,0.232,0.222
"1115","08.08.2010 00:00",0.237,0.273,0.232,0.222
"1116","08.08.2010 01:00",0.237,0.273,0.232,0.222
"1117","08.08.2010 02:00",0.237,0.273,0.232,0.222
"1118","08.08.2010 03:00",0.237,0.273,0.232,0.221
"1119","08.08.2010 04:00",0.237,0.273,0.232,0.221
"1120","08.08.2010 05:00",0.237,0.273,0.232,0.221
"1121","08.08.2010 06:00",0.237,0.273,0.232,0.22
"1122","08.08.2010 07:00",0.237,0.273,0.231,0.22
"1123","08.08.2010 08:00",0.237,0.273,0.231,0.22
"1124","08.08.2010 09:00",0.237,0.273,0.231,0.22
"1125","08.08.2010 10:00",0.237,0.273,0.231,0.22
"1126","08.08.2010 11:00",0.237,0.273,0.231,0.22
"1127","08.08.2010 12:00",0.237,0.273,0.231,0.22
"1128","08.08.2010 13:00",0.237,0.272,0.23,0.22
"1129","08.08.2010 14:00",0.237,0.271,0.23,0.221
"1130","08.08.2010 15:00",0.236,0.271,0.23,0.221
"1131","08.08.2010 16:00",0.236,0.27,0.23,0.221
"1132","08.08.2010 17:00",0.236,0.27,0.23,0.222
"1133","08.08.2010 18:00",0.236,0.27,0.229,0.222
"1134","08.08.2010 19:00",0.236,0.269,0.23,0.222
"1135","08.08.2010 20:00",0.235,0.269,0.23,0.221
"1136","08.08.2010 21:00",0.236,0.269,0.23,0.221
"1137","08.08.2010 22:00",0.236,0.269,0.23,0.221
"1138","08.08.2010 23:00",0.236,0.269,0.23,0.221
"1139","09.08.2010 00:00",0.236,0.269,0.23,0.221
"1140","09.08.2010 01:00",0.236,0.27,0.23,0.22
"1141","09.08.2010 02:00",0.236,0.27,0.23,0.22
"1142","09.08.2010 03:00",0.236,0.27,0.23,0.22
"1143","09.08.2010 04:00",0.236,0.27,0.23,0.22
"1144","09.08.2010 05:00",0.236,0.27,0.23,0.22
"1145","09.08.2010 06:00",0.236,0.27,0.23,0.22
"1146","09.08.2010 07:00",0.236,0.27,0.23,0.22
"1147","09.08.2010 08:00",0.236,0.27,0.23,0.219
"1148","09.08.2010 09:00",0.236,0.27,0.23,0.219
"1149","09.08.2010 10:00",0.236,0.27,0.23,0.219
"1150","09.08.2010 11:00",0.236,0.27,0.23,0.219
"1151","09.08.2010 12:00",0.236,0.27,0.23,0.219
"1152","09.08.2010 13:00",0.236,0.269,0.229,0.219
"1153","09.08.2010 14:00",0.236,0.269,0.229,0.22
"1154","09.08.2010 15:00",0.235,0.269,0.229,0.22
"1155","09.08.2010 16:00",0.235,0.269,0.229,0.22
"1156","09.08.2010 17:00",0.235,0.268,0.229,0.221
"1157","09.08.2010 18:00",0.235,0.267,0.228,0.221
"1158","09.08.2010 19:00",0.235,0.267,0.228,0.22
"1159","09.08.2010 20:00",0.234,0.267,0.229,0.22
"1160","09.08.2010 21:00",0.234,0.267,0.229,0.22
"1161","09.08.2010 22:00",0.234,0.267,0.229,0.22
"1162","09.08.2010 23:00",0.234,0.267,0.229,0.22
"1163","10.08.2010 00:00",0.234,0.267,0.229,0.219
"1164","10.08.2010 01:00",0.235,0.268,0.229,0.219
"1165","10.08.2010 02:00",0.235,0.267,0.229,0.219
"1166","10.08.2010 03:00",0.235,0.268,0.229,0.219
"1167","10.08.2010 04:00",0.235,0.267,0.229,0.218
"1168","10.08.2010 05:00",0.235,0.268,0.229,0.218
"1169","10.08.2010 06:00",0.235,0.268,0.229,0.218
"1170","10.08.2010 07:00",0.235,0.268,0.229,0.217
"1171","10.08.2010 08:00",0.235,0.268,0.228,0.217
"1172","10.08.2010 09:00",0.235,0.268,0.228,0.217
"1173","10.08.2010 10:00",0.235,0.268,0.228,0.217
"1174","10.08.2010 11:00",0.235,0.268,0.228,0.217
"1175","10.08.2010 12:00",0.235,0.267,0.228,0.218
"1176","10.08.2010 13:00",0.234,0.267,0.228,0.217
"1177","10.08.2010 14:00",0.235,0.267,0.228,0.218
"1178","10.08.2010 15:00",0.234,0.267,0.227,0.218
"1179","10.08.2010 16:00",0.234,0.266,0.227,0.218
"1180","10.08.2010 17:00",0.234,0.266,0.227,0.218
"1181","10.08.2010 18:00",0.234,0.266,0.227,0.218
"1182","10.08.2010 19:00",0.234,0.265,0.227,0.218
"1183","10.08.2010 20:00",0.234,0.265,0.227,0.218
"1184","10.08.2010 21:00",0.234,0.265,0.227,0.218
"1185","10.08.2010 22:00",0.234,0.265,0.228,0.218
"1186","10.08.2010 23:00",0.234,0.265,0.228,0.218
"1187","11.08.2010 00:00",0.234,0.265,0.228,0.218
"1188","11.08.2010 01:00",0.234,0.265,0.228,0.217
"1189","11.08.2010 02:00",0.234,0.266,0.228,0.217
"1190","11.08.2010 03:00",0.234,0.266,0.228,0.217
"1191","11.08.2010 04:00",0.234,0.266,0.228,0.217
"1192","11.08.2010 05:00",0.234,0.266,0.228,0.217
"1193","11.08.2010 06:00",0.234,0.266,0.228,0.217
"1194","11.08.2010 07:00",0.234,0.266,0.227,0.216
"1195","11.08.2010 08:00",0.234,0.266,0.227,0.216
"1196","11.08.2010 09:00",0.234,0.266,0.227,0.216
"1197","11.08.2010 10:00",0.234,0.266,0.227,0.216
"1198","11.08.2010 11:00",0.234,0.265,0.227,0.216
"1199","11.08.2010 12:00",0.234,0.265,0.227,0.216
"1200","11.08.2010 13:00",0.234,0.265,0.226,0.217
"1201","11.08.2010 14:00",0.234,0.264,0.226,0.217
"1202","11.08.2010 15:00",0.234,0.264,0.226,0.217
"1203","11.08.2010 16:00",0.234,0.263,0.226,0.217
"1204","11.08.2010 17:00",0.234,0.263,0.226,0.218
"1205","11.08.2010 18:00",0.234,0.262,0.226,0.218
"1206","11.08.2010 19:00",0.233,0.262,0.227,0.218
"1207","11.08.2010 20:00",0.233,0.262,0.227,0.217
"1208","11.08.2010 21:00",0.233,0.262,0.227,0.217
"1209","11.08.2010 22:00",0.234,0.262,0.227,0.217
"1210","11.08.2010 23:00",0.233,0.262,0.227,0.217
"1211","12.08.2010 00:00",0.234,0.262,0.227,0.217
"1212","12.08.2010 01:00",0.234,0.263,0.227,0.216
"1213","12.08.2010 02:00",0.234,0.263,0.227,0.216
"1214","12.08.2010 03:00",0.234,0.263,0.227,0.216
"1215","12.08.2010 04:00",0.234,0.263,0.227,0.216
"1216","12.08.2010 05:00",0.234,0.263,0.227,0.216
"1217","12.08.2010 06:00",0.234,0.263,0.226,0.215
"1218","12.08.2010 07:00",0.234,0.263,0.226,0.215
"1219","12.08.2010 08:00",0.234,0.263,0.226,0.215
"1220","12.08.2010 09:00",0.234,0.263,0.226,0.214
"1221","12.08.2010 10:00",0.234,0.262,0.226,0.214
"1222","12.08.2010 11:00",0.234,0.262,0.226,0.214
"1223","12.08.2010 12:00",0.233,0.262,0.226,0.215
"1224","12.08.2010 13:00",0.233,0.262,0.225,0.215
"1225","12.08.2010 14:00",0.233,0.261,0.225,0.215
"1226","12.08.2010 15:00",0.233,0.261,0.225,0.216
"1227","12.08.2010 16:00",0.233,0.26,0.225,0.216
"1228","12.08.2010 17:00",0.233,0.26,0.225,0.216
"1229","12.08.2010 18:00",0.233,0.259,0.225,0.217
"1230","12.08.2010 19:00",0.233,0.259,0.225,0.216
"1231","12.08.2010 20:00",0.233,0.259,0.225,0.216
"1232","12.08.2010 21:00",0.233,0.259,0.226,0.216
"1233","12.08.2010 22:00",0.233,0.259,0.226,0.216
"1234","12.08.2010 23:00",0.233,0.259,0.226,0.216
"1235","13.08.2010 00:00",0.233,0.259,0.226,0.215
"1236","13.08.2010 01:00",0.233,0.26,0.226,0.215
"1237","13.08.2010 02:00",0.233,0.26,0.226,0.215
"1238","13.08.2010 03:00",0.233,0.26,0.226,0.214
"1239","13.08.2010 04:00",0.233,0.26,0.225,0.214
"1240","13.08.2010 05:00",0.233,0.26,0.225,0.214
"1241","13.08.2010 06:00",0.233,0.26,0.225,0.214
"1242","13.08.2010 07:00",0.233,0.26,0.225,0.214
"1243","13.08.2010 08:00",0.233,0.26,0.225,0.214
"1244","13.08.2010 09:00",0.233,0.26,0.225,0.213
"1245","13.08.2010 10:00",0.233,0.26,0.225,0.213
"1246","13.08.2010 11:00",0.233,0.26,0.225,0.213
"1247","13.08.2010 12:00",0.233,0.259,0.224,0.213
"1248","13.08.2010 13:00",0.233,0.259,0.224,0.213
"1249","13.08.2010 14:00",0.233,0.259,0.224,0.213
"1250","13.08.2010 15:00",0.233,0.259,0.224,0.214
"1251","13.08.2010 16:00",0.233,0.259,0.224,0.214
"1252","13.08.2010 17:00",0.233,0.258,0.224,0.214
"1253","13.08.2010 18:00",0.232,0.258,0.224,0.214
"1254","13.08.2010 19:00",0.232,0.258,0.224,0.214
"1255","13.08.2010 20:00",0.232,0.258,0.224,0.214
"1256","13.08.2010 21:00",0.232,0.258,0.224,0.214
"1257","13.08.2010 22:00",0.233,0.258,0.224,0.214
"1258","13.08.2010 23:00",0.233,0.258,0.224,0.214
"1259","14.08.2010 00:00",0.233,0.258,0.224,0.214
"1260","14.08.2010 01:00",0.233,0.258,0.224,0.214
"1261","14.08.2010 02:00",0.233,0.258,0.224,0.213
"1262","14.08.2010 03:00",0.233,0.258,0.224,0.213
"1263","14.08.2010 04:00",0.233,0.258,0.224,0.213
"1264","14.08.2010 05:00",0.233,0.258,0.224,0.213
"1265","14.08.2010 06:00",0.233,0.258,0.224,0.213
"1266","14.08.2010 07:00",0.233,0.258,0.224,0.213
"1267","14.08.2010 08:00",0.233,0.258,0.224,0.213
"1268","14.08.2010 09:00",0.232,0.258,0.224,0.213
"1269","14.08.2010 10:00",0.233,0.258,0.224,0.213
"1270","14.08.2010 11:00",0.233,0.258,0.224,0.213
"1271","14.08.2010 12:00",0.233,0.258,0.224,0.213
"1272","14.08.2010 13:00",0.232,0.258,0.223,0.213
"1273","14.08.2010 14:00",0.232,0.257,0.223,0.214
"1274","14.08.2010 15:00",0.232,0.257,0.224,0.215
"1275","14.08.2010 16:00",0.232,0.257,0.224,0.216
"1276","14.08.2010 17:00",0.232,0.256,0.223,0.216
"1277","14.08.2010 18:00",0.232,0.256,0.224,0.216
"1278","14.08.2010 19:00",0.232,0.257,0.224,0.217
"1279","14.08.2010 20:00",0.232,0.257,0.224,0.216
"1280","14.08.2010 21:00",0.232,0.256,0.225,0.217
"1281","14.08.2010 22:00",0.232,0.257,0.225,0.216
"1282","14.08.2010 23:00",0.232,0.257,0.225,0.216
"1283","15.08.2010 00:00",0.232,0.257,0.225,0.216
"1284","15.08.2010 01:00",0.232,0.257,0.225,0.216
"1285","15.08.2010 02:00",0.232,0.257,0.225,0.216
"1286","15.08.2010 03:00",0.232,0.257,0.225,0.216
"1287","15.08.2010 04:00",0.232,0.257,0.225,0.216
"1288","15.08.2010 05:00",0.232,0.257,0.225,0.216
"1289","15.08.2010 06:00",0.232,0.257,0.224,0.215
"1290","15.08.2010 07:00",0.232,0.257,0.224,0.215
"1291","15.08.2010 08:00",0.232,0.257,0.224,0.215
"1292","15.08.2010 09:00",0.232,0.257,0.224,0.215
"1293","15.08.2010 10:00",0.232,0.257,0.224,0.215
"1294","15.08.2010 11:00",0.232,0.257,0.224,0.215
"1295","15.08.2010 12:00",0.232,0.257,0.223,0.215
"1296","15.08.2010 13:00",0.232,0.257,0.223,0.215
"1297","15.08.2010 14:00",0.232,0.256,0.223,0.215
"1298","15.08.2010 15:00",0.232,0.256,0.223,0.216
"1299","15.08.2010 16:00",0.232,0.256,0.223,0.216
"1300","15.08.2010 17:00",0.232,0.255,0.223,0.216
"1301","15.08.2010 18:00",0.232,0.255,0.223,0.217
"1302","15.08.2010 19:00",0.232,0.255,0.224,0.216
"1303","15.08.2010 20:00",0.232,0.255,0.224,0.217
"1304","15.08.2010 21:00",0.232,0.255,0.224,0.216
"1305","15.08.2010 22:00",0.232,0.255,0.224,0.216
"1306","15.08.2010 23:00",0.232,0.255,0.224,0.216
"1307","16.08.2010 00:00",0.232,0.255,0.224,0.216
"1308","16.08.2010 01:00",0.232,0.255,0.224,0.216
"1309","16.08.2010 02:00",0.232,0.255,0.225,0.216
"1310","16.08.2010 03:00",0.232,0.256,0.225,0.216
"1311","16.08.2010 04:00",0.232,0.256,0.224,0.215
"1312","16.08.2010 05:00",0.232,0.256,0.224,0.216
"1313","16.08.2010 06:00",0.232,0.256,0.225,0.215
"1314","16.08.2010 07:00",0.232,0.255,0.224,0.215
"1315","16.08.2010 08:00",0.232,0.256,0.224,0.215
"1316","16.08.2010 09:00",0.232,0.256,0.224,0.215
"1317","16.08.2010 10:00",0.232,0.256,0.224,0.215
"1318","16.08.2010 11:00",0.232,0.255,0.224,0.214
"1319","16.08.2010 12:00",0.232,0.255,0.224,0.215
"1320","16.08.2010 13:00",0.232,0.255,0.223,0.215
"1321","16.08.2010 14:00",0.232,0.255,0.224,0.215
"1322","16.08.2010 15:00",0.232,0.255,0.223,0.215
"1323","16.08.2010 16:00",0.232,0.255,0.224,0.215
"1324","16.08.2010 17:00",0.232,0.254,0.224,0.215
"1325","16.08.2010 18:00",0.232,0.254,0.224,0.216
"1326","16.08.2010 19:00",0.231,0.254,0.224,0.216
"1327","16.08.2010 20:00",0.231,0.254,0.224,0.216
"1328","16.08.2010 21:00",0.232,0.254,0.224,0.216
"1329","16.08.2010 22:00",0.232,0.254,0.224,0.215
"1330","16.08.2010 23:00",0.232,0.254,0.224,0.215
"1331","17.08.2010 00:00",0.232,0.255,0.224,0.215
"1332","17.08.2010 01:00",0.232,0.255,0.224,0.215
"1333","17.08.2010 02:00",0.232,0.255,0.224,0.215
"1334","17.08.2010 03:00",0.232,0.255,0.224,0.215
"1335","17.08.2010 04:00",0.232,0.255,0.224,0.214
"1336","17.08.2010 05:00",0.232,0.255,0.224,0.214
"1337","17.08.2010 06:00",0.232,0.255,0.224,0.214
"1338","17.08.2010 07:00",0.232,0.255,0.224,0.214
"1339","17.08.2010 08:00",0.232,0.255,0.224,0.214
"1340","17.08.2010 09:00",0.232,0.256,0.224,0.214
"1341","17.08.2010 10:00",0.232,0.255,0.224,0.214
"1342","17.08.2010 11:00",0.232,0.255,0.224,0.214
"1343","17.08.2010 12:00",0.232,0.255,0.223,0.214
"1344","17.08.2010 13:00",0.232,0.254,0.223,0.215
"1345","17.08.2010 14:00",0.232,0.254,0.223,0.215
"1346","17.08.2010 15:00",0.232,0.254,0.223,0.216
"1347","17.08.2010 16:00",0.231,0.254,0.223,0.216
"1348","17.08.2010 17:00",0.231,0.254,0.223,0.216
"1349","17.08.2010 18:00",0.231,0.254,0.224,0.216
"1350","17.08.2010 19:00",0.231,0.254,0.224,0.216
"1351","17.08.2010 20:00",0.231,0.254,0.224,0.216
"1352","17.08.2010 21:00",0.231,0.254,0.224,0.216
"1353","17.08.2010 22:00",0.231,0.254,0.225,0.216
"1354","17.08.2010 23:00",0.231,0.254,0.225,0.216
"1355","18.08.2010 00:00",0.231,0.254,0.225,0.216
"1356","18.08.2010 01:00",0.232,0.254,0.225,0.215
"1357","18.08.2010 02:00",0.232,0.255,0.225,0.215
"1358","18.08.2010 03:00",0.232,0.255,0.225,0.215
"1359","18.08.2010 04:00",0.232,0.255,0.225,0.215
"1360","18.08.2010 05:00",0.232,0.255,0.225,0.215
"1361","18.08.2010 06:00",0.232,0.255,0.225,0.214
"1362","18.08.2010 07:00",0.232,0.255,0.225,0.214
"1363","18.08.2010 08:00",0.232,0.255,0.225,0.214
"1364","18.08.2010 09:00",0.232,0.255,0.224,0.214
"1365","18.08.2010 10:00",0.232,0.255,0.224,0.214
"1366","18.08.2010 11:00",0.232,0.255,0.224,0.214
"1367","18.08.2010 12:00",0.232,0.255,0.224,0.214
"1368","18.08.2010 13:00",0.232,0.255,0.224,0.214
"1369","18.08.2010 14:00",0.232,0.254,0.223,0.215
"1370","18.08.2010 15:00",0.232,0.254,0.223,0.215
"1371","18.08.2010 16:00",0.232,0.254,0.224,0.216
"1372","18.08.2010 17:00",0.231,0.254,0.224,0.216
"1373","18.08.2010 18:00",0.232,0.254,0.224,0.216
"1374","18.08.2010 19:00",0.231,0.254,0.224,0.216
"1375","18.08.2010 20:00",0.232,0.254,0.225,0.216
"1376","18.08.2010 21:00",0.232,0.254,0.225,0.216
"1377","18.08.2010 22:00",0.232,0.254,0.225,0.216
"1378","18.08.2010 23:00",0.232,0.254,0.225,0.216
"1379","19.08.2010 00:00",0.232,0.255,0.225,0.215
"1380","19.08.2010 01:00",0.232,0.255,0.225,0.215
"1381","19.08.2010 02:00",0.232,0.255,0.225,0.215
"1382","19.08.2010 03:00",0.232,0.255,0.225,0.215
"1383","19.08.2010 04:00",0.232,0.255,0.225,0.214
"1384","19.08.2010 05:00",0.232,0.255,0.225,0.214
"1385","19.08.2010 06:00",0.232,0.255,0.225,0.214
"1386","19.08.2010 07:00",0.232,0.255,0.225,0.213
"1387","19.08.2010 08:00",0.232,0.255,0.225,0.214
"1388","19.08.2010 09:00",0.232,0.255,0.224,0.213
"1389","19.08.2010 10:00",0.232,0.255,0.224,0.213
"1390","19.08.2010 11:00",0.232,0.255,0.224,0.213
"1391","19.08.2010 12:00",0.232,0.255,0.224,0.213
"1392","19.08.2010 13:00",0.232,0.255,0.224,0.213
"1393","19.08.2010 14:00",0.232,0.255,0.224,0.214
"1394","19.08.2010 15:00",0.232,0.255,0.224,0.214
"1395","19.08.2010 16:00",0.232,0.254,0.224,0.214
"1396","19.08.2010 17:00",0.232,0.254,0.224,0.214
"1397","19.08.2010 18:00",0.232,0.254,0.224,0.214
"1398","19.08.2010 19:00",0.232,0.254,0.224,0.214
"1399","19.08.2010 20:00",0.232,0.254,0.224,0.215
"1400","19.08.2010 21:00",0.232,0.255,0.225,0.215
"1401","19.08.2010 22:00",0.232,0.255,0.225,0.214
"1402","19.08.2010 23:00",0.232,0.255,0.225,0.214
"1403","20.08.2010 00:00",0.232,0.254,0.225,0.214
"1404","20.08.2010 01:00",0.232,0.255,0.225,0.214
"1405","20.08.2010 02:00",0.232,0.255,0.225,0.214
"1406","20.08.2010 03:00",0.232,0.255,0.225,0.214
"1407","20.08.2010 04:00",0.232,0.255,0.225,0.214
"1408","20.08.2010 05:00",0.232,0.255,0.225,0.214
"1409","20.08.2010 06:00",0.232,0.255,0.225,0.214
"1410","20.08.2010 07:00",0.232,0.255,0.224,0.214
"1411","20.08.2010 08:00",0.232,0.255,0.224,0.214
"1412","20.08.2010 09:00",0.232,0.255,0.224,0.214
"1413","20.08.2010 10:00",0.232,0.255,0.224,0.214
"1414","20.08.2010 11:00",0.232,0.255,0.224,0.214
"1415","20.08.2010 12:00",0.232,0.255,0.224,0.215
"1416","20.08.2010 13:00",0.232,0.254,0.224,0.215
"1417","20.08.2010 14:00",0.231,0.254,0.224,0.216
"1418","20.08.2010 15:00",0.231,0.254,0.224,0.217
"1419","20.08.2010 16:00",0.231,0.254,0.224,0.217
"1420","20.08.2010 17:00",0.231,0.254,0.224,0.217
"1421","20.08.2010 18:00",0.231,0.254,0.225,0.217
"1422","20.08.2010 19:00",0.231,0.254,0.225,0.218
"1423","20.08.2010 20:00",0.231,0.254,0.225,0.217
"1424","20.08.2010 21:00",0.231,0.254,0.225,0.218
"1425","20.08.2010 22:00",0.231,0.254,0.225,0.218
"1426","20.08.2010 23:00",0.232,0.255,0.225,0.217
"1427","21.08.2010 00:00",0.232,0.255,0.225,0.218
"1428","21.08.2010 01:00",0.232,0.255,0.225,0.217
"1429","21.08.2010 02:00",0.232,0.255,0.225,0.217
"1430","21.08.2010 03:00",0.232,0.255,0.225,0.217
"1431","21.08.2010 04:00",0.232,0.255,0.225,0.217
"1432","21.08.2010 05:00",0.232,0.255,0.225,0.217
"1433","21.08.2010 06:00",0.232,0.255,0.225,0.217
"1434","21.08.2010 07:00",0.232,0.255,0.225,0.217
"1435","21.08.2010 08:00",0.232,0.255,0.225,0.217
"1436","21.08.2010 09:00",0.232,0.256,0.225,0.217
"1437","21.08.2010 10:00",0.232,0.255,0.225,0.217
"1438","21.08.2010 11:00",0.232,0.255,0.225,0.217
"1439","21.08.2010 12:00",0.232,0.255,0.225,0.217
"1440","21.08.2010 13:00",0.232,0.255,0.225,0.217
"1441","21.08.2010 14:00",0.232,0.255,0.225,0.217
"1442","21.08.2010 15:00",0.231,0.255,0.225,0.217
"1443","21.08.2010 16:00",0.231,0.254,0.225,0.218
"1444","21.08.2010 17:00",0.231,0.255,0.225,0.218
"1445","21.08.2010 18:00",0.231,0.254,0.225,0.218
"1446","21.08.2010 19:00",0.231,0.254,0.225,0.218
"1447","21.08.2010 20:00",0.231,0.254,0.226,0.218
"1448","21.08.2010 21:00",0.231,0.254,0.226,0.218
"1449","21.08.2010 22:00",0.231,0.255,0.226,0.218
"1450","21.08.2010 23:00",0.231,0.255,0.226,0.218
"1451","22.08.2010 00:00",0.232,0.255,0.226,0.218
"1452","22.08.2010 01:00",0.232,0.255,0.226,0.217
"1453","22.08.2010 02:00",0.232,0.255,0.226,0.217
"1454","22.08.2010 03:00",0.232,0.256,0.226,0.217
"1455","22.08.2010 04:00",0.232,0.256,0.226,0.217
"1456","22.08.2010 05:00",0.232,0.256,0.226,0.217
"1457","22.08.2010 06:00",0.232,0.256,0.226,0.217
"1458","22.08.2010 07:00",0.232,0.256,0.226,0.216
"1459","22.08.2010 08:00",0.232,0.256,0.226,0.216
"1460","22.08.2010 09:00",0.232,0.256,0.226,0.216
"1461","22.08.2010 10:00",0.232,0.256,0.225,0.216
"1462","22.08.2010 11:00",0.232,0.256,0.225,0.216
"1463","22.08.2010 12:00",0.232,0.256,0.225,0.216
"1464","22.08.2010 13:00",0.232,0.255,0.225,0.216
"1465","22.08.2010 14:00",0.232,0.255,0.225,0.217
"1466","22.08.2010 15:00",0.232,0.255,0.225,0.217
"1467","22.08.2010 16:00",0.232,0.254,0.225,0.217
"1468","22.08.2010 17:00",0.232,0.254,0.225,0.217
"1469","22.08.2010 18:00",0.231,0.254,0.225,0.217
"1470","22.08.2010 19:00",0.231,0.255,0.226,0.217
"1471","22.08.2010 20:00",0.231,0.254,0.226,0.217
"1472","22.08.2010 21:00",0.231,0.255,0.226,0.218
"1473","22.08.2010 22:00",0.232,0.255,0.227,0.217
"1474","22.08.2010 23:00",0.232,0.255,0.227,0.217
"1475","23.08.2010 00:00",0.232,0.256,0.227,0.217
"1476","23.08.2010 01:00",0.232,0.256,0.227,0.217
"1477","23.08.2010 02:00",0.232,0.256,0.227,0.216
"1478","23.08.2010 03:00",0.232,0.256,0.227,0.216
"1479","23.08.2010 04:00",0.232,0.256,0.227,0.216
"1480","23.08.2010 05:00",0.232,0.256,0.226,0.215
"1481","23.08.2010 06:00",0.232,0.256,0.226,0.215
"1482","23.08.2010 07:00",0.232,0.256,0.226,0.215
"1483","23.08.2010 08:00",0.232,0.256,0.226,0.215
"1484","23.08.2010 09:00",0.232,0.256,0.226,0.215
"1485","23.08.2010 10:00",0.232,0.256,0.226,0.215
"1486","23.08.2010 11:00",0.232,0.256,0.225,0.215
"1487","23.08.2010 12:00",0.232,0.256,0.225,0.215
"1488","23.08.2010 13:00",0.232,0.255,0.225,0.215
"1489","23.08.2010 14:00",0.232,0.255,0.225,0.215
